user,sim_user,sim_score
44,62,62.41886764923139
47,11,66.3377335278574
64,49,87.38013101278015
67,63,71.29074908113041
67,9,78.89948543423789
9,24,16.551999370386117
83,68,13.24671160916575
21,26,90.45063612638107
36,52,16.550765469767093
87,54,37.0359902249219
70,85,79.01673830554337
88,78,6.043890236609773
88,29,52.002381540019925
12,1,54.590326738921256
58,78,0.4068760555028472
65,0,39.31456473978283
39,15,90.71696471136872
87,33,42.62437265207923
46,32,91.34797250165147
88,69,31.57473040065564
81,30,50.53325940486072
37,47,84.30358977666747
25,58,98.14502944648152
77,73,75.91913525160328
72,7,34.364480731697874
9,30,31.39336262315546
20,85,5.707399031472393
80,30,20.29215473402922
69,41,75.97305434199204
79,8,41.48337187305086
47,65,15.654046612715423
64,85,29.75848035527655
82,8,58.880124301785095
99,49,95.65834987073933
88,64,95.94278191032474
49,91,11.40376683395986
29,50,23.626920528281715
19,48,59.89142142767393
19,89,91.20564725970321
14,29,98.14931262413167
39,71,72.71213367485258
32,26,41.16381155213713
65,95,87.27972826233017
9,14,41.93322137107626
57,19,66.68469792818108
32,8,48.96283216335541
31,39,77.94702716571328
74,29,73.5585429707892
23,23,39.06945277800929
35,77,10.08133890809959
75,40,95.17670802202021
55,1,91.86097157464982
28,89,18.187754144495283
34,88,20.3301340868949
0,30,78.7715006399567
0,41,78.67645475725607
36,80,96.5490497770683
53,62,99.76001125704514
5,75,49.83604715109335
38,71,96.03665144884033
17,85,81.59771214030627
79,88,75.63714692926186
4,37,36.59526779085536
42,43,85.03856156016991
58,59,91.91111405341114
31,36,73.40028083237753
1,32,64.64871112383905
65,73,64.0399398652064
41,16,15.568040576334463
57,35,21.99108809617547
35,3,22.894302800137122
11,39,16.267551000813143
46,37,47.799958365966035
82,3,6.691972153035286
91,40,28.742525088766012
0,58,80.74298313188176
14,99,92.48419886830705
99,1,86.54178141145275
53,3,31.71687295447727
12,11,52.93031836880285
42,3,93.36831199104975
84,59,56.66795218523624
75,12,25.52294365983877
68,96,68.45980694951824
6,39,63.305585215560875
68,50,8.16732299969849
47,0,77.01647552998402
3,54,9.018642561489465
76,54,62.8557773598347
100,87,69.0506746464836
52,71,59.32051974873583
78,59,37.32753216691148
15,65,60.57481432183434
20,98,55.25910340965466
99,13,59.52021043489907
58,56,80.97507652505588
23,30,82.59710297184054
79,85,75.67447981567582
13,81,48.229656932013086
85,23,35.50917298344003
48,35,87.82820661333479
49,33,87.67623491068272
69,6,81.36417512625243
41,24,88.43568107392731
35,34,39.52596927073313
64,57,53.445391170186426
95,73,56.989078230140045
69,24,71.79256724486169
94,93,78.21549716004122
0,5,56.21919875382233
50,48,90.27309580430682
36,25,22.46459318132059
34,68,40.86782444023985
48,38,5.729211266014056
93,0,98.19089243757794
3,59,80.13249504508313
98,78,12.352974547996299
42,73,33.39371459535576
77,100,53.43167497476943
21,50,29.659458114852054
73,28,11.790268522818792
0,15,59.87203392841482
10,66,22.363590023590906
43,36,63.291277315938565
58,7,69.08643553063571
23,81,81.4110936008339
59,31,44.658327042309246
2,43,69.83058710219868
98,41,3.5152066293769213
62,79,63.0946812527856
35,28,43.455205868279144
94,54,80.90712691299181
67,52,98.78895795742835
82,42,29.24308286406434
46,31,89.44437162027037
99,86,10.599040577791818
20,57,45.23833159737441
81,23,69.52823892980894
50,68,86.31125073682584
27,64,22.121284692101295
14,17,49.263343997940225
41,70,97.59081898383768
58,68,73.72745849654687
65,75,39.40069569656644
36,96,49.75479248551768
10,80,91.96514332151501
86,2,48.6788902204907
43,74,5.808629029387513
11,39,20.469726188784044
2,38,0.37521911956741594
51,54,48.02257485219681
80,0,97.3405439114801
32,9,80.2471735920991
54,75,4.128915388185462
0,44,93.08654247345524
38,52,11.131637342917223
19,81,2.2997258907061946
46,100,21.159641453126266
42,47,50.016123425077744
56,69,7.776020666410799
60,48,78.13555461498551
77,38,1.7481481028390422
30,36,21.815318491716408
24,4,59.84015132815074
2,75,41.0574586643235
3,39,46.04155253714719
94,93,66.99866840342631
98,62,35.963420424340754
13,45,24.06558168286295
40,75,91.82237641464992
72,42,34.518809109182726
19,32,47.802093835234274
95,1,81.99588856919591
72,47,63.28016591957017
26,34,62.042544995113424
66,42,63.8817701207684
52,42,81.03722823882916
67,74,52.58595194959908
61,42,7.58544523056236
14,46,66.55130383493972
96,79,16.4995361298517
4,90,82.87068361668807
67,40,15.65426273743874
11,80,95.64482879982086
86,43,71.03517500664637
77,92,26.338608545154763
75,64,20.745932211108542
56,63,87.82567370187849
16,44,23.059812431234427
24,2,41.18612546627705
29,22,46.03183112168905
21,24,12.436789472793375
25,44,73.5461914320709
80,83,10.767143783702505
60,94,85.43488202820367
61,77,53.17633979608356
83,7,61.66850507222532
33,83,82.88577074706551
32,99,33.62549890629262
100,53,96.51443021029618
70,62,61.18018377473674
85,29,12.424285560390402
31,84,28.777099182510778
13,8,49.626095308017234
71,74,68.47454675023833
56,41,20.216120964126105
24,34,42.69641377594806
79,46,10.767967072212436
41,61,18.054385650183548
18,75,75.81172303236546
40,72,60.936227950657184
54,55,45.22429911839899
79,85,0.7135002958512215
11,68,6.612906193966928
38,47,76.35672071300156
93,7,9.383820869736038
1,56,77.10417010989728
95,85,72.41682978877485
44,86,51.37339319876101
88,70,35.88818457400976
24,19,90.02316082109323
67,43,17.658299041363712
82,70,85.50286167756754
3,96,76.34757066734528
76,86,66.77349314448065
35,21,94.23703308971885
86,11,99.6127314123052
61,43,78.9234963030691
69,67,22.87654441887741
87,96,68.49637102415369
43,29,40.038366267446854
32,21,12.235330223610541
11,81,84.87850085528738
84,69,33.47363376698832
10,91,96.44519756384223
54,1,81.11164413883262
37,33,80.00531579575635
28,40,82.69195770605621
2,43,40.81304713351069
27,51,8.220855451881482
83,94,99.50488020805047
89,82,96.41506582097091
23,54,46.77010316012432
53,79,82.84883548162647
51,51,47.736198498652335
46,45,92.61460662518715
20,93,40.00603558551088
53,4,87.86538495702158
29,56,1.2948203415926063
67,48,34.1302048460444
35,20,61.646498930419526
39,16,85.48451171745822
9,53,8.868471374585052
73,85,7.466960900475383
41,66,78.7872603634378
23,20,56.611077496838455
3,56,13.192396717368704
46,24,47.73809978760829
90,43,20.463321708440716
50,84,75.13917613833966
3,63,81.56070009652022
31,15,44.06237934232282
9,97,96.78553349419509
10,24,63.539434483619395
27,88,25.96559719326055
45,91,6.593009552142426
71,61,69.73142838992403
39,3,59.00016463734663
61,19,34.31632452066078
85,12,73.85039710518204
97,44,3.873557907941416
44,74,85.22848426202025
34,9,19.065727234597375
34,63,3.312613973079792
88,92,89.19210462001692
33,46,61.79284342555842
5,95,12.442960836292972
36,87,62.75941183015426
0,13,88.90339851770963
75,69,58.50541289103604
34,45,75.10539951321412
69,7,89.56504285556203
53,41,91.61091033124306
80,16,14.250115018170085
62,50,75.47007920076399
8,39,85.82264652071714
61,35,98.31040738375304
1,28,86.39786505625214
81,81,68.29166062717373
35,37,27.461086500607756
91,1,31.1449885380742
40,81,79.01753386980144
36,30,41.436921848368236
48,34,84.98011956771572
25,3,47.088916009634616
67,33,66.57147345301874
35,43,95.56047514122443
30,89,21.2286867078192
29,1,28.849462734214647
33,98,44.990886650472206
18,56,78.60663090783422
17,49,82.00681619991977
93,40,81.859875978355
84,82,32.78112886502535
2,41,8.856345064542825
69,54,14.87246305898312
12,85,15.54423971976513
44,47,67.10896845365946
66,92,55.82936405431608
91,65,18.10165752699421
85,41,45.08199043193248
39,38,50.84244262178751
39,12,77.79449901873699
75,79,58.256887979889825
22,28,37.7177220785086
30,25,94.93995951382622
17,53,50.25803671238498
70,86,86.15520569215116
71,63,44.16718830591919
18,91,1.4962423607889686
92,77,60.21330352491088
43,33,80.24258334789033
83,78,28.384783753690044
49,8,70.63450602756556
41,68,46.34612073149918
93,46,35.403152707888765
46,85,6.012378547578667
21,45,35.56635438913529
73,92,80.87672773784679
89,22,79.57847444565822
96,14,84.22985301382934
91,0,79.89045955385237
73,50,76.6704939044551
28,54,83.35896043369124
81,50,81.96313473066435
58,9,22.098276216165736
0,33,70.7257549634597
86,40,99.64495331625021
63,40,14.51057958032017
16,7,73.54330926509036
36,26,92.21712111390062
94,29,65.17421357815775
24,50,34.20076147091433
63,57,67.21152210040263
67,17,92.77723829266287
51,10,93.53386314870323
8,43,86.62843751715052
56,62,55.65172116279549
91,97,57.183380179823196
93,65,95.94768463888485
87,19,66.23346050170511
32,93,2.0223858628485414
19,6,27.702188147796868
72,5,39.05069971215467
71,68,48.67933819286176
87,66,30.36677620907747
13,40,21.442538333787496
58,80,71.05897434181793
81,71,16.916974503836247
55,40,9.109244105790015
64,24,41.00451679911299
75,87,81.05255296500704
92,52,76.02715138660864
36,22,23.639263858546975
25,41,26.689554036697594
32,6,98.71475949738475
42,78,7.42949833010873
14,51,7.864804153036154
86,39,9.065892610416382
28,24,32.37756003373303
20,31,76.38369853214616
82,20,89.06917968123552
68,18,93.24147619793632
22,35,25.240693197247676
99,96,46.017973995034076
83,84,9.350795368393083
7,88,55.62334231984377
72,96,0.654007098855558
61,91,45.96336197630618
13,44,98.04103765008473
5,100,14.042446712627077
0,82,21.0756344459057
8,22,27.764457164664556
79,98,86.67886831459083
79,31,88.99931237304646
53,50,94.52804710382324
11,18,24.840663888864377
4,78,45.349365260428556
39,7,38.20068527234562
92,11,59.58577885147201
45,63,29.595795688964454
26,74,82.9015816730542
74,57,90.61395363253062
52,58,89.99697778524686
49,38,26.318277010018342
91,41,48.448915314371035
51,86,53.785095401410075
99,64,96.99259384876234
18,34,43.792012835336514
34,81,6.982533960939918
51,42,64.33993690064949
30,52,17.446431440153898
53,70,36.51919802850043
58,3,51.80754153362178
43,40,96.2775594361197
55,91,15.965719155772728
18,76,85.18721692719903
45,39,1.8783430095640652
87,85,4.790583764721257
65,25,47.946386704917174
70,0,57.23680340375731
53,34,18.90082777265697
48,65,18.50417306879827
94,43,71.97201943112687
59,37,30.842935112595992
80,89,71.02559961626552
26,87,51.749514221904334
35,42,36.69383227861744
58,68,4.577208684934608
49,52,97.25018684822018
73,71,38.00120285009404
44,93,78.96355083650458
13,1,33.669241665799156
70,23,89.77850047299249
38,87,7.212685250837669
39,88,28.138106016441856
8,89,52.6203674482529
13,69,61.29788884937114
7,22,64.3454300580368
80,80,39.18996009771162
22,95,62.767757369035216
79,64,86.62239310837818
89,67,83.8074616240149
8,97,25.22901600793752
99,31,4.159701455485965
6,70,23.964675877990913
81,52,81.95054131159284
71,64,65.89168430247548
84,8,12.45002264904327
89,24,16.427606102137215
66,70,26.51480854773627
60,75,85.4289156025952
16,68,39.796535032111805
56,62,33.965399015648245
23,71,22.565318460386553
24,25,67.39219349948257
4,51,96.80388926844522
100,42,7.934974567980513
49,5,50.27265170005526
87,37,90.25451962222361
30,4,26.757859669722382
54,62,33.90364138447002
25,42,49.34578359447998
20,12,14.01239241374591
97,16,80.37846671354929
57,57,25.181090299254606
23,69,5.88208578675995
27,13,66.47502450493818
29,11,54.52979558936734
33,86,92.96381086717011
53,39,78.26409632808118
51,0,3.601960308842611
86,24,52.97988831435636
7,27,86.78299181160874
9,30,1.833564664778209
54,88,37.34647661383169
0,92,83.30917542229463
83,24,24.933561471959663
36,94,1.2181871095669594
81,52,34.05723599144713
20,32,3.458953802459086
3,62,91.56902992635607
42,61,85.27788353868009
65,99,42.192150749210164
20,86,40.7818741997588
36,47,97.9425932967005
68,8,48.9261200823014
80,3,43.66893571050192
47,100,40.046958243948794
10,52,31.769750241089046
94,78,34.32312808205348
91,60,44.438377041856356
43,100,92.35233905314068
63,59,87.78480757717844
31,81,76.27689015783885
20,59,78.37843281743577
70,83,42.39220297234551
9,88,58.28214814487899
60,88,89.69207987473496
91,99,33.087765560800776
35,65,39.74179338572954
83,76,26.50822689298533
76,84,4.493878040490406
18,7,1.6233653301595763
74,86,27.24377953961937
98,44,94.1173532989289
97,79,32.42380080695321
43,32,88.85721985785156
3,33,11.812263065749672
12,77,67.46694504836864
100,1,32.85771027758045
58,3,89.24847371535492
1,39,69.77352751855057
0,62,34.21294431743015
39,62,48.75336657926921
24,100,23.464118137344634
58,27,3.0110435941066216
36,58,6.473311999831655
99,98,81.17741001399064
69,47,73.95688412831979
6,25,66.59561231751083
3,80,91.31363473319524
98,73,25.239513860038578
40,25,1.805876679790408
60,64,91.46910055905923
33,15,98.65710556577075
28,80,16.714453543225904
68,100,66.18612031478901
26,7,10.125349274468542
96,23,5.529726424533643
51,40,36.26564290721056
73,38,10.05962853521557
53,37,11.118597015481757
69,68,49.397350938806184
33,98,52.98766330330863
7,86,39.371899497771125
94,60,66.50514463148049
72,49,98.66859737884948
84,30,84.18470770853526
7,97,76.41658040545352
67,91,41.630575645850755
85,71,32.98493759005038
91,77,57.13024388950032
67,89,30.824219024151834
84,37,16.993690117804107
71,31,86.82306845315148
83,100,12.070533838943188
95,49,98.43431993148317
0,47,25.93957945769879
5,53,73.72532296727765
91,8,6.110602407825915
30,18,80.31379408076288
73,84,51.57675258985835
83,25,96.75235053142414
7,39,49.233645238379296
21,93,77.76647529621962
92,2,23.250135940516714
8,50,34.822157086277805
43,81,78.8647206184932
46,97,87.27692504229407
0,3,10.640457940309789
51,26,69.12098417662548
38,53,98.04328492611283
89,88,94.68656663832643
74,63,36.4331736855544
98,94,29.881587580456337
87,57,13.451641214257414
96,65,98.74441332741957
83,82,76.88456256269154
26,71,62.58059692208718
78,43,52.09915892596755
32,69,80.6392455456225
70,58,65.16585567610343
97,40,48.7622222581163
44,19,44.165371913062835
59,34,37.85829431108861
57,85,96.98605901486856
50,100,91.48021783321153
45,88,33.386833882087465
4,94,6.488076792181452
57,65,15.553432601859695
93,0,59.61893897530965
91,88,72.41395795588808
17,47,86.31723429532528
35,4,90.97165376609902
66,64,93.48197578398938
20,36,97.77411705326845
45,60,77.89746392594466
57,50,73.32111005886756
79,55,34.04174999384847
36,84,92.88997395145046
62,68,13.74227218068993
4,5,54.48551860659394
77,61,45.2060888495635
30,78,89.02774670564118
87,22,64.24246017582257
98,79,38.510602349209364
35,83,9.384470784598298
73,76,28.868466902312086
90,61,50.80673028575412
55,39,39.52056186585463
26,32,94.90508176386194
22,57,59.731300610626356
76,30,70.6996250734761
79,84,59.56383821658251
98,20,40.51092848442306
90,58,6.133800517593036
51,69,3.0986174534411326
46,74,65.37434162775841
80,88,69.48436405068594
61,75,17.990400687885177
60,21,63.35684604270714
47,70,1.0807357110842797
0,65,44.45731995653755
10,52,27.91065772028204
75,13,88.28408300854002
13,79,30.812696404626628
71,43,39.079120204041004
94,85,15.99975413148762
6,67,13.066366629882442
45,93,34.176876737276096
30,9,74.97576924436609
15,54,6.798093492592949
41,88,5.950756707016803
38,55,81.10725359379404
53,100,52.419434442530076
43,55,85.97741812296242
82,56,61.34802562712848
7,49,7.844222154538361
92,20,17.384935430186353
65,37,44.207934745809716
41,53,18.84615719762901
66,61,86.56503590303204
92,83,98.07149248185307
78,40,61.89427540418643
91,67,64.88149031603143
100,37,88.91480488399174
31,3,67.78484903455755
93,84,38.5472177261497
50,38,23.98364575263603
46,94,40.9340857432256
93,33,96.68061559109928
33,89,8.026822661677313
12,41,10.293916696012184
96,22,66.24292063068225
80,66,60.40113053504008
66,57,73.72975738369976
72,27,90.09110613583228
10,58,51.45518312877463
90,28,35.03066319578405
27,60,52.0356143939666
56,99,17.437030270314157
65,47,90.03515546941843
64,33,68.23088643313628
69,25,87.06710272656981
88,74,30.2412696138432
34,72,89.37593060854535
79,81,15.191628720813455
3,89,37.02052321507239
60,7,7.156252853800482
37,51,61.11009944923514
43,29,24.237827255518972
83,39,23.426256942180636
88,41,99.35082553073185
70,20,23.99700898523389
20,33,51.2485505989536
6,10,61.65433188725641
28,76,96.87680076331088
6,47,94.37974514505753
66,2,41.12434076706294
92,96,11.185958882498303
92,88,19.40525854710444
69,53,1.0226149699155473
73,69,0.09473114232776414
100,19,77.70822204324995
54,0,35.684756520052574
77,17,64.84420654539265
21,87,56.32596238671024
31,84,87.92419368007488
81,58,57.53235623571224
35,100,11.013836974621228
8,36,87.94398799097533
25,12,72.27681717176219
21,44,30.756042228748413
45,100,75.53777213581841
86,79,39.31767762392305
16,37,86.1039175199453
25,24,49.55965269030821
37,45,60.57586630744118
1,52,7.3712807925976005
5,84,83.35871101010794
70,60,49.16691011863129
12,7,13.82617579061245
90,23,4.989246761119636
74,20,36.19888239048126
54,69,96.69445675168909
78,7,83.85830906262547
62,36,61.23857601268345
72,9,48.2534735331666
71,69,96.17521726645184
45,25,95.61627269880796
5,33,51.27818771259892
47,84,15.327019752861549
59,64,53.32193291302219
42,33,37.77082790048109
67,83,73.2898472851947
10,73,41.44462211352635
57,2,2.1666837895639723
91,16,81.43662852483325
89,87,79.02860442766726
3,61,63.8064078677518
78,58,81.91845926749207
82,25,4.191759441463061
69,42,75.61016321382161
58,80,45.4870785467256
4,17,13.537597903695564
17,40,9.458005547342585
69,60,68.91265134320227
63,81,64.84904876919461
94,41,9.719205554459231
24,38,54.31438643910833
3,76,92.97181650221358
69,70,79.5799749794287
40,24,96.27433036312371
36,33,80.09745248142254
58,78,65.51021526627237
49,69,91.17606615736501
55,9,67.23674053899875
24,37,50.02479198435113
33,11,9.216602215065562
18,25,41.503025879651304
97,16,18.72673987155752
78,83,87.26902803909165
7,61,42.82840776508504
53,23,48.042055555781914
46,50,76.37675637325046
33,9,85.61046087937446
81,42,38.784839242316785
29,41,39.20086877857776
12,26,14.04571026669208
46,42,45.76397303063266
32,62,27.050517595504154
34,11,16.592476870594485
87,71,50.01334576691514
25,91,39.606956277329544
46,32,69.56161674978189
52,30,63.44805618744689
64,86,28.72463360145243
76,29,88.96356614838623
73,32,59.12703836067285
18,66,27.767673395602056
4,22,9.882555983154418
7,47,77.335083329304
3,40,44.66106993019239
48,24,92.92111045041025
76,14,99.11806806964398
37,2,75.5508184716139
48,67,3.0675174682173623
82,33,74.4365448724704
51,42,73.15146230096192
49,36,47.37831903133992
71,0,55.416147259268826
90,24,75.1282226943718
49,50,27.39655699623156
29,38,37.65759852334666
3,55,96.51575014097199
74,12,1.0395455234604056
84,15,57.710212772131186
65,26,52.72658568910601
20,23,95.29493957937063
80,56,81.94901056256538
42,93,66.50455304600463
28,16,47.15108516325303
26,82,84.74462666640632
87,45,25.26909614049002
52,33,73.94292049382905
48,3,13.956701209466772
66,58,94.78201726660083
9,71,62.27474697620756
2,57,19.513952210241857
89,20,64.84944968260231
100,88,68.9132623671312
90,66,48.7882466546409
68,60,36.259796286790625
10,10,71.04529990730998
12,51,16.999181033848345
97,98,36.19782165844128
37,88,29.004371663081052
39,0,14.093878569864493
32,70,66.88343262808296
33,13,66.6214757146274
26,25,89.06144209042137
99,91,37.89390966858635
89,47,8.660540258768446
50,69,39.14090394654437
88,23,45.38355381835923
82,51,13.226025496779704
20,54,91.97029857371992
94,24,1.815616804905451
28,77,35.62420534184382
72,21,35.82406173284524
18,13,97.92654591964308
25,66,23.390087242483748
24,41,58.18725169626536
39,1,92.10334613262935
28,58,27.824092116933073
24,52,52.64508427858562
18,0,76.88547125871258
67,57,19.022020286812737
44,14,97.71807918267747
83,100,6.956898462984329
45,7,49.578919656726285
54,48,61.83213446607172
0,73,19.650448220854276
10,49,64.80166448981556
67,4,22.613167933130484
6,16,19.95116926232242
91,16,46.307831363237426
99,63,90.39959769057646
57,16,82.70473692105999
70,67,47.160853885071376
19,54,92.67844095256106
34,2,44.696689588739794
50,32,71.4441885250366
20,57,48.63559745170741
43,70,54.43274716582558
0,85,82.16996853853318
100,28,71.00322858843633
66,22,41.75441933194301
97,27,81.82834690786338
12,49,75.37714299642172
15,4,80.51510840782436
33,4,29.04792362219668
23,95,78.59833952711965
12,66,42.035486040280965
5,89,49.584303962081634
38,94,29.74636736446864
1,75,25.951681277469863
10,74,4.34430363228735
6,66,45.26092430845124
6,75,5.347750325428091
38,76,74.05388003525634
75,84,64.32643437359602
85,9,30.051412629584085
50,35,7.419050316740905
51,51,21.644796165812107
2,6,4.312552193333841
76,31,90.51945765234147
29,27,41.45215395304803
9,10,59.66397941814902
72,48,32.892190571388255
5,72,52.489034854848235
53,89,54.8007590567095
65,79,71.99294707173297
43,26,48.52115408844335
79,69,29.654094769381455
62,82,32.74557616671551
76,64,92.6967775440252
47,36,77.73551819236752
76,32,32.90471882229533
21,37,66.87148370259872
18,82,76.93156546752182
89,77,18.388941431917093
13,83,70.22864175165051
94,66,58.49235862972417
92,40,52.7928354006877
85,0,41.30956635647514
6,38,99.24468011723971
100,64,80.51124572264945
48,9,10.38207054527499
40,62,33.07838318055347
26,49,53.230997291440616
30,3,78.81700701273977
5,5,70.93489807411521
15,81,33.08452764115649
63,18,88.25020530349703
37,45,54.023977807097054
59,75,85.585900102699
95,64,88.96829332468302
96,38,62.38974499303789
80,41,14.514852239255072
32,17,60.75392071255197
62,44,1.7960846650472484
10,18,63.58537235019212
12,63,20.029823961622373
93,6,85.99432522825413
64,79,8.639551819952707
29,54,29.276143124628774
90,60,0.28417075382866086
22,39,91.31877270266853
19,0,87.07375540042669
5,37,23.434915586657457
36,36,12.016537875371636
83,7,53.415277298243225
100,45,52.22031692174769
5,11,46.50842788667614
92,4,50.79244261415396
76,70,60.30887358457934
26,38,94.98286300024623
83,40,90.86422140023608
12,62,70.2906769806942
7,70,90.20216817471352
52,80,64.93469754493121
80,34,73.57205412162624
29,80,61.440684111025924
0,96,37.47861773235692
87,28,43.00026515022953
79,100,57.00890128183863
74,32,24.458605302179702
3,49,7.700102545358334
61,8,69.65438842778579
67,21,48.78758820386126
16,50,23.859997171337056
73,24,43.933414026743215
84,16,3.2260624293408258
56,85,47.610485169065456
62,10,63.536945983432766
56,32,64.89964304476494
48,8,21.10095577589123
17,59,37.01656735171125
57,70,48.358522058239416
9,90,95.6642658043526
62,91,37.08669182470281
79,45,45.567373983976
78,89,99.61966129734377
33,20,8.997198027376019
4,84,0.3409764550320049
16,77,20.78877420438664
100,34,8.535453653962
71,4,89.23324261873789
62,48,50.01808767049389
23,78,79.40935072838097
91,24,91.60421487267848
7,65,95.51112335095543
22,43,31.236792619297226
98,77,24.563985980177584
30,100,59.69575867363236
80,97,55.817407795482154
27,76,89.95661029232501
47,16,44.41685682668531
11,57,99.12268732663728
87,5,74.7106464815968
78,97,86.91769642855978
30,95,59.680767711366265
90,8,73.61577139566452
34,33,87.00705363969358
54,54,79.11406424936443
81,64,54.66888424931285
35,32,91.8880084750687
71,95,20.431030152827667
59,2,24.14410431365186
37,27,64.2694676961835
68,80,86.57911527184868
53,87,14.15300879143242
13,66,58.49491948672429
19,71,85.9599201602797
8,45,44.94126850791253
96,20,34.32005249824914
81,64,87.9078167194192
69,7,93.42982579707869
100,89,64.9827710840774
1,24,88.24225839596053
29,65,32.424301782984784
5,99,57.80266856558177
80,62,73.52554697736473
40,94,38.604907040681134
22,34,51.10980281390355
30,92,99.98145796633877
19,98,26.70940749917112
4,21,21.09259789780069
20,87,18.03260089601141
74,17,23.493508699154518
67,69,26.29362021404492
86,3,42.93324092258116
60,89,75.699820190208
93,21,53.636992741181686
41,59,85.0849808686355
40,6,0.35526749966422466
60,61,94.01361830364168
81,83,17.051801142480073
51,22,39.875754198565836
40,23,83.6803086115214
59,85,64.53332720653283
94,76,11.67295947632062
29,22,91.37798144675753
97,60,85.12198225414225
94,10,41.97805250266686
37,78,36.549863395864165
88,57,73.28655310582859
16,41,56.74931548519891
99,69,1.7533972932033959
39,39,3.97666213635417
29,74,79.89872055389812
65,61,40.874823645635914
23,90,13.113019496171185
72,26,89.30042494017177
0,83,72.49752150303333
87,46,37.38512797400876
37,16,13.48260950338197
63,1,5.0259829200053225
26,83,64.0364113270315
89,78,62.58267657883356
89,9,74.17465989502917
6,63,64.77874362147163
88,63,44.95449564527817
79,60,11.522953723604568
41,35,37.11714870610139
17,99,60.846903921428684
80,8,52.50415862575676
43,90,29.213847158557638
69,56,23.575779810099284
19,45,30.483873634259396
22,77,6.556044277977769
11,61,68.63604500609827
11,89,35.187668232777156
33,44,30.37752853768424
7,52,53.6908173747771
26,14,61.71594706713417
48,13,0.9884820996713728
71,58,69.7047737826316
54,6,69.5075627221836
96,72,44.10013461357713
100,51,58.077081365703876
82,14,50.38846280615423
87,28,1.486623439557122
21,29,11.595989182877487
2,95,61.20470132978896
8,94,28.09349920580779
10,8,2.237481953300291
5,66,88.94608917616195
38,56,91.59672277784678
38,79,57.73687271291994
100,56,46.18548296557006
65,56,14.046814466623536
59,92,93.04365722339524
36,98,69.2798018671175
5,37,37.823255393448676
5,42,25.568898314989518
38,88,37.48975705199773
35,5,92.63817158798766
88,14,21.652796586898727
49,56,22.487074031058153
79,98,41.875574573105
84,11,37.720567983756816
9,16,44.38008284212348
4,31,60.320485265065656
49,76,89.36050498799361
24,58,93.87191047957245
94,59,94.0485656697023
2,64,0.5544387925602967
83,61,85.63275865123659
3,98,58.18919727710821
77,64,40.11957770335562
11,57,64.16303412525505
13,16,56.944839561645125
100,4,20.4852720042336
81,100,8.471634112080695
26,3,19.22360073061673
70,5,22.746182360982946
47,94,59.00264599801024
98,50,28.26234799228957
21,42,52.62264029458073
20,84,45.141574674896326
42,48,53.95124477900901
57,45,18.59896305037263
17,15,85.53766264642671
89,92,73.58705080180299
85,91,7.716674369244181
55,55,89.03988610559126
100,59,34.55327106171432
68,55,97.02146785872019
98,33,76.56229310059241
11,11,54.74535901685944
98,91,82.55960597003643
97,34,90.03328847978574
19,88,21.667526704117602
11,13,51.96772172966916
97,7,49.20790519671245
25,24,79.67979515630005
97,65,95.72241683543086
95,99,50.238066449056895
45,82,56.04715298297518
6,40,42.321804647759734
89,55,49.81833315485773
88,65,53.34374468251302
38,27,75.81315250415633
51,15,98.4361146462883
16,15,82.57039117011628
23,41,95.11551020062616
90,77,14.661415321892523
3,6,16.66024833912314
90,96,39.68548954193892
46,92,42.35664208643346
29,56,95.98848014980868
2,52,76.36923580754143
5,6,95.18012355287551
71,78,34.2428807314042
15,31,59.047551241909545
78,6,88.26891084522369
35,33,33.194449410844264
52,58,17.36086564242609
7,46,26.261228257811997
51,26,26.525384269034646
51,51,89.96630995512255
29,32,78.18098938742098
55,60,54.90858275724402
11,46,54.641585174642906
67,95,16.1702155221207
77,7,33.10996001094642
55,49,20.81124856432609
88,39,41.766519742153065
68,65,56.91803385932575
86,5,16.802410504753183
57,27,81.88157843415117
93,38,47.534160910614986
11,45,21.147502998859103
78,23,62.281135903384786
82,12,3.2836038165983794
89,9,45.75583990693601
3,29,6.400150078362321
37,29,70.21642654149643
7,13,53.622288612346644
29,87,61.45399894741119
78,24,8.343720745086802
11,9,22.58100875502652
73,68,41.78480838882492
11,37,83.44984892888083
16,56,52.423345694195525
60,75,42.64129106763186
63,86,33.58367107381562
59,60,23.161122041670033
1,24,4.700010748143679
18,52,23.887547123420873
53,53,28.651966579166043
28,98,78.79403249721234
64,46,80.04560319762662
85,33,37.69300936437175
88,13,2.5121101199895857
73,97,47.11410804506069
8,71,89.85634184626463
82,12,72.95541031835356
11,73,7.665870118352657
92,46,67.89992886884417
51,29,59.07369181846423
81,12,84.9626557031448
55,55,47.192499252753585
15,48,24.37269984491931
3,35,85.7387746904253
88,34,76.49522734452184
85,58,65.82128116557531
28,60,2.779690102753163
58,1,40.869840838196936
85,17,13.931040182188603
78,43,46.16758789099429
65,55,90.33164886918199
76,9,17.925957827382188
11,55,41.30952107895512
25,16,33.172382963333604
11,67,3.0787047562366165
90,41,16.252038008519964
34,86,43.78220139883815
1,47,79.72557232618
16,84,25.71422941284398
1,88,61.727119699098296
16,97,39.43215888744294
33,58,57.44033862544982
33,84,44.52552328937962
44,85,74.65400529870979
40,36,35.50215323195411
72,12,95.6906029490889
77,26,50.70621490312149
83,2,17.713728960073617
32,22,66.50555916167325
23,46,38.90137453271599
68,83,5.201648009988058
31,18,31.946741445890247
22,34,84.83579488892215
64,95,48.33632246769385
31,67,40.67012011772743
79,0,91.24667366719346
83,27,62.83971118906665
15,48,34.98136504743846
51,86,55.47957815458572
12,3,42.377386431854916
45,96,32.192144904830144
10,11,60.55441258515184
80,88,98.04621771374788
70,28,38.45414727223642
21,40,5.164349738989205
94,73,35.94581339563565
67,2,22.29839562044803
80,78,34.04160248224548
64,59,50.73561682774284
1,10,7.313328959064769
50,4,9.18396996347779
96,73,56.21968353519108
82,90,86.90450752016434
82,8,46.54051866214115
57,37,18.589849412041925
22,98,92.77705217856922
15,91,64.51150026284229
15,58,63.252126975623504
28,58,79.73755416779056
71,49,51.589331323456214
27,19,89.75610298240754
88,35,30.24313532988009
57,36,93.61014537488381
58,74,21.244274595979107
88,49,16.091260456705548
76,18,28.318370976643358
13,4,29.123025445459316
18,88,47.257435952312775
78,79,11.03988009779886
78,49,89.341536313929
20,94,95.7362237504526
71,13,12.855314932380757
55,51,63.654684712186274
44,16,63.3886813548638
91,55,28.89024368075439
44,75,89.91310489324596
15,61,65.4737351176129
87,98,25.389446812662097
75,17,59.16909334620708
77,70,29.60357783170514
29,24,15.791709577508861
95,93,34.75800745193459
82,93,53.822508973238484
4,66,64.86666974247981
28,75,83.40639567373562
65,46,67.20643314509516
49,40,29.891074174217238
49,81,33.21961538784992
87,39,55.53645994298859
57,9,84.33095605811064
80,26,52.31865946538012
41,20,76.08409833401382
90,57,57.04272512851721
66,68,64.47649562586447
47,66,85.63641372839938
17,52,43.901449521074255
20,39,69.75427704268444
38,83,83.39466128566704
64,63,64.84889106074687
6,7,6.234963787276748
22,31,48.594461188713666
79,96,59.551152667404395
74,68,28.962544550334513
34,27,60.808525710452265
40,24,90.39977072222133
38,55,60.4350512960888
21,8,1.893143755229143
34,44,51.677399022129975
32,53,28.643164866437022
42,90,53.69431133102385
44,38,72.72363190698621
99,27,12.064484893821891
41,98,3.4531051546674574
27,43,99.65211322088774
48,76,17.57950126365111
10,8,86.71601964037544
68,40,27.164790957412
17,32,57.45091154406076
3,64,33.86144560709291
94,81,18.96627206162682
87,76,46.95726832607562
29,16,78.93935395341228
30,75,77.02845749988685
75,79,72.23073951840557
66,92,88.73024554005872
93,51,24.41700825298484
60,64,38.24046229117304
7,92,19.422590555327666
51,36,32.56639700107604
73,60,22.636780212842776
87,18,3.9634312234069546
64,81,92.83858871596146
17,25,77.3754739943166
40,40,30.786745826322225
21,25,64.643433481124
94,4,0.25180795310356663
26,10,76.24942789149299
15,97,53.03867169256904
17,86,12.926163274790959
10,97,38.67681131665359
17,82,10.883774056743656
3,35,54.25066843774275
73,84,28.116435037694988
29,5,68.42242816899441
67,58,92.731517237408
71,99,4.191773778995056
80,47,33.38897825083622
98,77,46.8654501056216
4,30,72.46816217188706
61,11,18.175559004318444
90,8,21.039142839148262
100,26,14.931269248300849
6,95,18.807638584999665
32,90,27.457419931704898
81,50,99.2809457695928
37,19,4.145846238697059
27,55,26.801344701690255
51,31,42.13626043573369
78,70,93.41617795569245
59,51,27.216685167357003
86,37,34.73262673164746
95,11,50.963834564452895
8,79,6.663241575883882
56,44,9.009125030165011
29,53,18.575987682124417
28,4,26.186791871059157
95,99,51.85932745634236
34,17,53.51671351664826
58,25,76.30126282525016
81,54,45.04054828543873
92,76,70.45177774994526
16,0,70.75829294241699
72,96,96.2037892084954
59,70,33.00270007006537
7,99,35.96631408135429
12,41,69.57238506267487
32,83,37.32638234539958
84,99,82.8576527865039
75,93,8.975771310946378
93,87,69.43334519736716
40,25,15.547419157939979
0,84,55.057576103124006
84,44,50.61831490800387
92,72,67.78709607398059
77,38,56.14491300872179
37,86,54.22026191039111
47,50,51.15345013223794
61,15,77.86778443453564
50,4,26.86203739473234
68,75,16.09421225764096
76,26,1.2608809483007688
57,75,13.187649701910775
4,26,64.50742402708575
36,76,72.10527217977908
80,28,62.95868598387611
82,0,6.862088232059193
37,69,77.26021706887035
94,57,51.623296572184984
35,13,24.00797699588375
48,22,58.65795185011541
0,88,41.59239209310477
49,61,69.73550817350495
57,90,49.568927780039004
9,62,3.59803613507812
50,5,64.46266511067545
97,82,71.1386749904584
48,44,64.70659419655107
12,92,91.4672887119667
70,67,33.31120885811468
36,23,22.803643668074404
99,9,51.028070244735765
36,51,80.68495450349039
30,5,68.67947074238427
19,90,42.47545765437081
38,33,16.757080320259043
44,1,16.907950113815417
35,63,43.675252812707974
14,96,89.73520068969304
29,84,42.50902415643738
51,61,93.48476348547615
60,91,46.848239686208714
81,76,3.671536842821599
67,31,26.124282261606936
29,91,1.1921533990790545
27,58,19.887603302700107
3,3,46.07823629935838
33,84,47.476681730951576
51,10,99.07132163277423
27,51,13.933249030286078
100,73,58.67944886440546
56,69,11.214838401368354
21,13,35.27657612606505
39,60,65.74810277156469
74,81,56.984968420163796
29,58,33.06078061077351
29,45,67.1181703175332
61,25,68.4220648962493
58,3,21.556665174034574
24,64,39.42847579502614
16,78,40.479905376872274
64,14,88.10519251485097
100,87,65.04784332067499
98,70,69.99418806814268
13,15,17.41524783329671
1,5,98.732408953394
2,54,30.92391783619902
66,0,50.775652228292834
19,71,10.937852943194981
76,61,24.720713766504808
30,81,16.750228166250313
39,32,78.06303785045924
85,58,92.67076315762456
77,29,67.73660541011066
49,31,79.32746359707681
26,79,16.422293473044768
12,75,43.99882819039773
64,31,10.301024656166147
1,18,92.42720438911405
36,86,68.61850548138469
10,71,10.100473035431312
32,99,73.7970477183074
28,62,30.34232041281394
58,19,92.03595719261403
66,69,6.364919417398607
92,49,31.134948229338143
65,64,85.25462471536312
77,1,10.33092813144344
83,50,27.3823057338763
47,53,17.472362021288923
81,60,89.2526604188317
36,58,47.98637188810061
71,78,85.60479871547541
53,57,32.64434747245739
70,18,66.90497705169075
9,41,10.063020777789756
15,6,43.03789892125543
18,100,25.78309971530681
29,43,27.172021005464764
53,32,11.917353011010245
60,75,38.83132381217176
42,87,17.25776487564702
82,24,68.3210196230663
2,50,51.73834591187152
29,8,45.833598226007645
17,83,87.40060206027451
35,2,18.53021765188263
19,28,69.92056932157531
16,38,18.516107320213028
23,46,62.853993194828284
12,43,3.9073126244190126
99,97,3.4392643215921836
56,13,41.40408265697142
66,45,99.31964802761128
20,33,14.74889539887223
3,10,75.32302773680011
81,87,57.38633028639407
44,77,28.077646165097846
38,30,76.81500420107021
42,64,29.53767162234069
74,71,16.873602366152408
37,67,19.411436939592786
40,0,18.835847185276265
27,95,75.85616654697357
4,8,52.84529740652199
51,67,65.35648391688758
22,11,89.43213776000873
37,23,16.823405002851967
35,20,42.2352870295946
30,1,68.0091018326995
7,70,34.97843933212316
88,68,66.16062698891287
88,42,35.973202371583234
15,99,17.871207034846538
10,22,53.403882107820756
19,30,1.5382961158205033
77,38,38.50795314134634
56,75,68.5365015201862
18,52,26.43918748412085
71,98,72.61651945233083
60,67,49.30620329843162
24,64,28.777731951287976
32,6,43.13578021096943
39,33,6.562119089377916
100,29,48.149662938874606
16,85,40.96104505382804
52,14,46.112339807613154
90,52,10.210508388757178
80,86,2.758549451034309
46,91,13.1466743141754
96,67,31.02871503092005
94,94,10.802906975325365
84,46,76.73250750077457
23,87,86.3414605847161
15,24,58.26591757581573
44,13,62.79308766730327
83,32,96.00369426312581
55,32,55.141756456165716
98,25,86.8687712832234
27,73,72.72942355147187
45,17,55.422349606697296
98,23,51.14471724321042
81,35,2.98457831453397
87,35,29.751743089788498
27,34,23.719110328740534
77,84,29.24870072983241
48,69,66.60491872753586
87,20,51.60519353187767
94,6,40.44839913088932
5,8,65.30426904287606
97,0,17.936640616209555
98,61,23.64823084173692
28,89,48.128170235813606
65,71,70.57708089449272
68,73,10.915069002145438
85,6,84.60287084484163
72,93,75.73215431277235
33,69,64.22682805253667
99,36,44.29316312591087
48,29,81.4251083886502
99,19,38.041929103300646
89,47,19.84563521615128
69,22,19.76204092807078
65,67,91.27387501585747
99,7,59.34740726745616
71,56,24.102035976055745
1,93,23.21748462722464
1,84,47.97500705620481
71,72,55.997019082693356
25,18,89.6615246873478
100,22,25.566145622843372
77,22,66.01341276071034
50,85,72.61252106686175
27,46,88.20069893480324
96,39,87.53046516581942
43,56,57.14599527123724
19,34,32.64817299517715
98,60,28.92811623189514
45,98,68.8036208046776
100,80,79.77878748751158
80,13,41.130789523478214
43,28,72.41627361828014
67,59,9.49867469397817
8,13,12.170419507408603
83,33,41.60836984552392
46,26,72.40473356903698
64,77,91.48878174159051
20,57,67.23147258551748
96,74,17.94631569344326
98,87,42.00792394583193
5,85,27.321939350746472
85,91,6.743859740029623
24,55,82.57853543664395
2,85,34.353047911708025
71,95,51.766232526023735
75,82,57.669348702853576
28,91,92.07491232296631
95,90,10.030657529571696
65,23,97.24194167267858
80,71,44.60197618954106
82,13,51.95283918267389
14,20,99.14661420715986
21,94,17.57574901156842
69,35,73.52775220491812
33,74,68.30595915683325
2,35,22.41618918159719
27,69,96.62585131095864
19,37,3.658281844877187
15,22,66.06022790238278
71,33,87.35488764252514
29,18,40.03510498949922
35,0,44.3244090737071
97,31,6.574617626478729
48,30,26.329019717781556
49,45,71.66010566680652
80,2,98.22995738180204
56,21,34.50215930820744
63,18,14.81301449114829
88,80,9.28951259087205
58,99,18.03696327884786
5,12,11.104028749538541
51,72,82.98411579821745
61,90,38.34213689701457
83,60,39.793750549205484
17,99,84.36573379225845
45,9,74.20378783769976
96,31,52.6942373560584
62,49,49.9989547940664
22,63,69.65973063914407
97,47,58.736026891307056
9,0,18.849041439196455
5,45,12.57692956366957
76,54,40.58400137162255
61,84,49.40811894812208
42,92,8.220491229772453
16,38,53.56632324136038
59,36,96.77126390195508
17,30,69.82015946074591
68,33,14.25702327285675
60,99,56.95783958376439
25,26,80.44214253893696
14,46,34.36606302655072
61,18,42.89333855941685
53,88,0.22569427359308003
81,88,86.9549819055329
29,78,47.01831601927597
70,92,25.354659187865746
28,41,19.760718288166824
74,19,42.71842416495654
5,2,22.344797023730965
100,42,89.67787376807252
100,49,22.674030610673725
84,29,40.24345195165932
55,65,14.078364752445815
50,21,11.88618823136739
86,81,23.773123395844344
53,89,0.29722793217653587
10,78,59.86338446598356
43,86,22.22818913399591
59,79,43.14807594505634
30,82,80.86289124751576
59,11,41.57819736322994
14,54,76.51006633840753
48,24,71.21084216282011
56,69,86.16310728161683
65,6,39.656849045523934
7,61,74.27379939277515
69,41,56.313801371109875
15,60,52.085220604045524
52,47,26.909183747485766
32,12,50.85126975667272
87,12,5.4646935068360385
78,45,11.545553236549711
34,37,47.751846498419184
29,82,29.866057510510423
51,73,90.3334671635224
89,72,95.38177766955852
53,53,87.8741853421478
4,40,4.128906197366922
64,8,81.9340695435733
26,0,46.01936750843893
84,32,4.69242160879454
5,12,11.798986824934122
88,20,79.44706995803294
17,15,48.395825701314706
68,23,58.99690564304707
56,62,2.0343402807821875
32,54,3.707909449768776
81,81,42.828507569479235
72,87,50.484674978994526
73,9,15.891207477171276
100,98,37.15804811895277
31,96,0.3612123586662075
94,70,13.334673011782094
73,91,2.499423518693644
48,35,88.02832162431615
99,83,6.137930075346931
32,38,56.056712553125806
14,65,58.51993489579892
61,33,0.4409700825049434
87,97,61.22656981285277
32,33,84.79429942376169
56,3,57.711575212312695
28,86,18.563287301767815
43,50,55.06401127717686
97,33,69.7783204213267
50,3,68.41068188268798
46,77,61.21181388592433
72,34,38.25762963326117
37,79,12.141444113432753
2,43,7.139471861524926
17,97,61.15061873442439
15,30,36.25256274781624
67,41,0.20567565315932068
85,28,14.941840786949745
93,9,69.7972783292748
22,11,75.81190990784172
82,25,58.28155854169944
7,57,60.50344270613189
55,73,27.375597100994696
49,62,48.855453074267764
26,96,93.79870769792655
4,21,38.47873613049657
89,100,60.997506911297116
26,75,36.528857577828134
60,35,44.98469971577984
83,56,78.28506342254306
78,44,39.20308736662689
18,66,43.74888718845936
96,96,28.711799974499996
91,92,82.22543190512445
36,100,30.30876733087412
20,74,73.09437587289347
3,99,92.75826979922563
18,29,76.8658689801293
77,61,86.966197322254
51,41,14.173719641892802
49,87,40.25681233976074
31,37,2.5635083838714934
97,63,52.26171801640274
18,29,99.87253970490995
12,97,53.84932565524689
91,35,86.16749077797373
98,80,98.98178847718093
71,84,33.14245770648735
94,33,42.814402235642234
45,3,54.67668983082886
80,95,73.02735593966581
65,100,50.97720333627323
88,72,18.47579627444853
16,88,50.22749915741517
45,62,72.12117469378107
91,25,75.30963842333145
37,89,41.893215234195644
50,37,60.82034556107391
24,74,99.32173696981644
48,96,33.85567768861228
76,67,11.083776205856655
4,63,14.111298776756476
51,85,80.77445683286989
46,77,63.86020077846798
40,96,36.66094495835951
14,5,5.288545550002233
10,21,9.773565262631701
27,40,57.95248698409738
78,13,57.02280184003049
13,27,55.89628503935796
4,34,68.173318409174
86,0,85.36014355629445
15,55,54.16623124899932
29,44,46.96329575733071
78,48,88.85448516747348
42,51,78.90547438926038
25,59,50.88343834931365
75,17,7.846640101209479
95,96,29.249681703958696
91,96,85.88378775288209
22,11,61.81772217065331
43,42,5.216481191797495
84,70,74.98502743680831
55,82,46.825244778920336
2,33,1.370057859447682
25,51,65.42992887603658
0,52,18.59612772897875
95,69,8.89585504734609
56,81,26.332501554283418
70,54,23.011842081463897
82,10,72.967277618688
86,76,84.80075815721784
62,41,53.39363175475732
46,81,33.956644260712984
89,31,75.40972514921802
77,3,76.20253407025209
12,98,27.911248426119805
62,42,3.6836160505482662
37,94,85.51057364340198
83,6,8.609862068600282
31,64,44.235824564837145
28,4,43.0874734571182
59,4,37.9804701486295
83,63,37.230101327886565
40,64,80.87510837258938
89,99,5.560685762194062
29,86,84.25818461395494
28,94,87.39820236843401
52,29,75.72727741629728
42,22,63.54788861991953
10,87,70.69054664514488
84,49,67.11484592500808
17,26,69.74559276972279
0,56,56.56178014592903
39,11,33.03250138854638
38,2,97.42933949472216
98,85,58.899466274370546
65,12,28.00095602671526
48,80,63.098325791061136
86,2,73.13065610160211
45,91,91.42550570308788
49,76,81.15605339964611
22,35,61.72852178973238
92,0,88.10344773292823
65,61,65.8565278498136
85,77,14.290077391261136
66,18,30.105150681477443
32,35,14.781511510765721
50,10,10.506564872125313
70,19,60.10818493463983
35,27,19.08736635982502
100,9,92.62546570196285
23,38,58.57230760540099
82,12,25.392883110857657
89,69,55.72490767113302
79,86,70.81205642302658
27,62,46.84033287658595
85,12,90.51536287285369
1,66,57.078289318144456
9,59,56.362243872296894
81,0,21.032491142271994
11,24,8.737320106316716
64,93,76.71113881466341
67,92,52.63139591869132
61,96,42.650189685692396
54,4,78.15997474934862
36,72,40.14481643084458
84,18,58.77361456333971
19,45,11.376153135357214
69,92,98.66076011592925
84,71,16.436363042228663
62,72,16.905862838663854
68,16,44.04238006999523
41,86,25.859838697559244
80,79,62.958212126502886
16,20,1.2959027405541779
57,48,52.91707422931328
5,85,81.4965430322796
96,87,94.96919741551866
22,97,73.98951336367887
3,66,18.72378722442295
8,48,66.88650155214779
62,90,67.88646653037573
92,11,49.14433806547308
41,24,76.32146640078753
74,15,77.33375042335126
92,25,70.51203374551541
95,5,25.720964913418833
11,22,92.64819099821187
34,54,4.611409333809647
91,51,97.10353716575896
49,34,53.17954863419057
71,29,65.27135958907415
39,12,83.17046292590616
58,44,16.25483925414035
5,58,89.65434913506117
73,20,0.9476823458494432
88,63,92.9773665995056
12,46,41.14073184771916
97,97,99.54335966981132
59,75,23.07757689283183
78,46,66.59828340107073
15,94,84.91802102704928
4,11,2.2364566345150383
22,70,2.402574233297272
52,95,3.312732953962505
66,34,0.59648952070539
71,41,21.35430794215153
72,21,80.42952079148536
5,74,22.041390581786246
39,91,35.52796440451862
79,81,4.657473593296979
79,57,30.616287696790323
41,6,7.981239309900756
89,11,28.467277120891342
22,61,57.52750797421854
89,93,26.277689776080514
89,77,62.539157256358514
19,19,65.3323757533138
62,7,57.74416962237018
29,57,44.72401340686811
9,16,26.226745172061705
11,70,14.708529953566519
99,40,46.09337600024806
26,79,61.519887802527506
82,62,11.46855154960863
72,66,21.50082877230949
1,10,17.910146075045997
99,41,23.030676715555387
46,42,11.65947620641521
55,40,42.091003449399146
10,29,32.07126201335241
74,74,60.898832792921134
24,74,90.37922401392906
95,31,59.8238998911
43,81,18.101611606956737
91,99,11.138499562174943
13,36,65.45346288950206
78,100,81.98234223705907
55,61,32.2138382813029
5,81,51.04420541528029
23,85,78.65821735468195
42,27,1.6890990748796186
49,25,69.65968121439558
75,47,50.89306711686887
56,54,72.64126256930203
43,72,87.2370855705126
24,97,49.45761612854589
81,73,85.58776911464119
21,11,1.2696938827533866
94,48,63.008111762274666
18,92,98.69092048563684
63,16,29.364834754026337
89,66,72.31589458759035
29,72,22.444100234232156
37,33,97.3065736723455
49,48,44.410198543696275
40,14,67.68915821708336
95,40,50.7249313297373
11,65,8.077294074718399
56,46,79.69872297683645
63,95,24.247946934378106
14,22,27.915059458406756
32,64,3.0432664886817284
65,76,55.51147111279512
65,40,53.75903140918334
36,64,18.40707466100142
25,92,72.3950443536003
76,31,4.650204055996077
72,60,78.43153660798349
50,28,99.37177585143303
12,57,16.009295093096277
24,83,31.473176103031562
19,96,29.24001995268902
67,43,54.57925981271289
10,68,10.00752421908706
7,81,50.104479895408126
52,93,89.72828226033607
92,26,44.66159804660088
14,89,67.553342975605
72,82,82.9872721906637
46,51,66.6998103244702
99,84,31.099110170352763
35,47,32.67861569706485
81,57,66.24984798832291
23,41,16.775195920911546
61,71,4.356706855762516
53,98,2.498794343446864
12,28,36.442453080606576
45,32,75.88602173387024
7,12,72.89192715279492
47,88,44.628340554261335
39,71,28.50037178148903
94,73,5.0920972766803185
19,60,1.4298951790429837
50,39,1.2119254686794312
65,45,56.971067600434935
43,33,90.07551342365146
82,94,85.50642916078431
78,99,17.65200106958845
89,60,34.1224416249083
56,34,23.826632650205426
72,66,39.46132583441361
50,29,36.069556582063974
34,39,47.41902455622504
90,63,98.19213775372742
11,22,78.70512295094385
11,99,91.67963395773816
36,53,0.5718649766675243
49,64,51.85234279043491
76,26,86.52721047604585
81,68,71.51200160616138
95,43,30.289244082779042
74,47,68.89294392095259
48,9,55.72628130076003
74,70,70.97405137054295
11,29,47.513097933685536
93,5,95.80477339119084
34,1,99.36041369297232
74,86,98.18866326061898
76,26,51.133853277185594
39,93,82.78889271722183
10,5,94.18345577254112
2,16,87.80090291158173
75,26,53.47637647487788
46,44,99.56625884914615
51,26,28.92952627793922
41,78,96.30711849063023
91,88,30.83512168935847
3,8,57.570506730903695
16,19,6.894360772150188
63,93,87.8930088425866
64,59,60.202856497110645
13,75,39.79731663895401
38,46,6.413563523695521
4,21,72.93841894179317
3,66,43.20753734073855
19,61,78.00913462575919
81,57,77.87153985197837
16,26,85.11265676252825
71,53,44.461655657184
24,68,8.087582915616832
11,22,60.37487121589964
22,82,69.28065003851262
60,38,41.9001308561805
91,65,85.54613470281046
2,4,89.80858194061845
8,19,92.60734252356238
72,91,86.31298137542439
89,7,85.38450614909718
38,93,73.06885449375994
52,98,39.72039224023397
97,88,19.95514277297411
88,57,30.892715343090003
63,76,11.922796162320527
21,69,66.07141618531598
4,44,6.778598472789543
31,13,36.83981364173362
75,38,16.78914364978361
37,79,26.588680198291424
7,0,82.79225669396195
22,51,59.74187979841694
42,68,21.348684926618912
59,45,28.97779970384613
95,22,9.35716517196049
54,30,5.1452926509932055
73,32,47.90385024921127
51,95,55.053820960348624
82,45,59.684632289849795
23,100,74.87375192940718
83,3,19.58509505780399
25,60,52.18898090839645
57,35,53.248091451095036
69,19,19.759328363946736
89,98,52.31906464625761
45,17,73.33788475161134
88,3,10.213302607651398
51,60,73.97662771487727
59,72,49.393575688944566
44,65,29.28339927465734
26,15,22.393982349427255
43,8,40.37538986360083
32,52,40.064944497164355
30,22,28.053779576044203
14,10,66.3446635885247
71,44,37.85825019379496
96,12,13.083446976624213
61,3,58.748700252522724
1,22,17.471575818083494
47,12,11.787041095632677
43,25,92.51216225590272
90,53,40.49247110893608
15,90,61.31782112014377
68,40,8.404664267898386
74,41,31.83116102653053
85,0,70.68004690620445
39,55,35.75626726585763
94,59,76.04449513336282
86,52,57.100486824013785
0,27,25.05185390966552
81,40,97.12208288344945
58,100,33.24394834221057
12,85,43.445640968216594
91,21,15.555823363887589
43,70,19.427301783274586
54,76,78.17370346740373
47,7,86.87415004181003
22,3,60.14027084630259
31,74,95.36628200287309
34,27,78.5972040178396
98,57,44.47548560364862
42,88,34.33659676872579
68,49,0.27623050981882
62,46,93.14231918190139
36,73,86.34658995700843
83,36,83.74901605340946
44,8,23.12627455463865
81,9,87.69078332517626
70,99,24.725296656166208
6,1,95.87711420403441
48,38,77.5167474492566
9,20,55.503931290635336
28,45,40.78976093949588
77,89,25.74694376434793
56,44,41.1747542181828
9,89,51.2227463410453
85,69,33.76779348726324
66,64,2.129856992605217
9,58,14.584009289837418
36,70,15.164179822141755
28,70,92.03673439427632
64,17,42.84764132218708
74,11,66.72289665578417
13,17,53.87501001895137
2,37,19.918031076137154
37,94,17.615694932033087
71,57,85.13151112905999
87,73,27.7015067735778
94,12,75.50252707684297
81,17,59.51170821485995
3,36,22.96561588590781
98,32,61.28011273788151
80,3,37.86004106837816
82,76,41.01142800208963
50,37,74.32504957438798
61,71,34.28451317747665
82,61,85.49038057525311
28,5,87.89400369226482
35,17,49.415826206039036
53,18,59.083219090321336
26,18,96.75304082981742
42,81,35.95124929992989
46,33,40.466093415156955
69,10,27.096571550332694
28,49,19.16556765293499
43,9,21.186386818658764
83,26,49.607843966233375
62,4,25.684875942340756
74,89,41.61711092631718
74,71,92.66496788413062
9,97,79.59370479692876
91,17,89.13793564316343
99,17,59.594373235590695
75,72,42.754993075354854
96,58,84.14577857705994
38,87,30.31229911171758
31,55,67.84754679262367
22,34,17.99777866947122
91,91,59.05912268258688
57,68,39.59745386647974
21,2,37.49746523186492
97,25,46.18060267005952
61,70,93.46257892327527
41,10,7.918750665307794
99,19,30.996198221744763
41,45,18.52989637978879
23,79,61.566337394958715
52,84,35.20150480650586
23,53,36.394377219706065
72,79,46.26646286134392
41,54,23.308986357934636
60,35,94.28683654416736
47,47,92.30343781217279
15,71,6.286262404524711
36,60,50.66924851965279
65,36,17.566859030478867
94,28,99.55371291367845
42,44,73.06454485509731
0,46,94.60404848448559
83,9,85.61899186261948
6,100,64.33741147749325
93,87,95.37643784379377
67,35,43.2214838321935
31,92,39.8097764720861
29,18,15.21714899718104
16,78,79.32565802705696
67,20,92.61784403841227
26,36,74.0205578752535
6,72,30.186551041567387
11,13,53.1511648023024
81,21,32.19480594620469
55,59,18.726547658568528
43,61,65.86244602697559
67,96,72.43547805081154
20,32,65.24117772117054
91,30,3.0679423386890115
92,73,91.59328552880385
14,91,36.2230937807171
14,61,61.4509578990697
80,28,81.53949025598084
99,56,55.54635847391375
63,23,84.93001631472139
43,92,40.67827466552198
27,56,35.523269759888784
87,66,60.88484886486195
20,20,34.15157479816128
23,86,20.217555945057896
34,96,29.994474043182795
32,7,36.41995973172087
65,56,43.26342628639483
22,21,32.67071645966166
21,84,17.269139019099576
57,19,62.458196943458766
68,89,59.871345512777886
45,47,18.00467758019153
39,37,35.79406604595792
24,88,70.58260172471392
86,83,82.24473407595472
17,55,39.16822398476313
52,42,50.852580752723256
90,13,39.67410168979335
8,44,93.45112489906006
5,91,88.71879083628144
97,86,95.64681936833492
86,91,29.662003141435267
82,3,21.911696786972755
10,57,97.52469175794583
62,33,65.3309092580058
29,29,26.21093362043435
11,85,1.6967761503601575
30,66,44.86919309968429
71,38,96.89266839926319
58,24,22.34108581109162
94,81,41.72213115688863
42,77,38.80332099715661
85,73,55.17590135843474
71,25,60.873835487726446
25,37,75.62208293243101
54,14,90.54350113547272
83,29,45.94794088133995
25,7,97.21886290809877
45,58,62.94204414884308
3,27,0.8936669079564807
84,28,62.64295646227256
83,86,31.735172391894917
37,68,62.39290069576037
33,67,47.029208500880806
60,24,89.40082542386628
89,26,42.71177611607294
7,9,29.920683372489542
60,59,3.6186488208243106
37,55,2.634870996665839
84,71,88.14771408112298
98,84,56.056124868610425
16,11,43.97477684722194
45,70,75.69552595251827
39,92,71.09209592292045
33,2,87.03463890431924
97,39,87.66597244008837
65,57,40.03929756015591
73,27,59.86890201426341
87,31,92.46268483949666
68,35,4.182493523126496
24,12,7.902179206377968
6,64,67.19816288134996
97,23,69.153234108807
60,5,29.16233499763834
88,55,52.55379175632476
61,64,0.08506424537706447
59,35,28.16981264748648
74,10,60.13509332726227
29,29,37.67695910478061
28,63,48.97039983853505
24,81,93.34730277858333
3,48,5.594731350221405
82,82,50.75680169450146
21,59,58.19965606353116
6,47,66.12922338480844
84,61,74.5767143623206
21,10,14.75972113608276
27,19,92.30024435915055
26,77,41.39080926274773
89,57,48.8968344933069
64,67,66.19406341471955
3,36,53.053900351001914
53,3,42.234357459425
37,35,67.2676320844056
7,71,67.05410473817875
80,74,22.265430760354054
75,84,42.57970595871387
11,92,1.930002581598722
2,72,45.74482186365398
54,8,89.08122432666056
5,81,64.15953930983216
17,81,89.31286441580666
78,69,0.7270743209020991
5,95,77.40899297377867
78,93,78.6214319194804
81,59,39.302191366287154
30,80,36.45563935096672
98,57,91.86020165205265
3,86,53.92814009520826
0,99,45.53459161689457
93,50,33.38990145451183
44,99,64.56368834543413
44,80,78.49826647535521
61,27,90.6800824571146
0,96,6.3033438590622275
17,47,77.06609526689026
29,66,76.29972136608458
91,11,58.22478804173008
34,82,23.42487467050858
100,88,68.6015940379309
59,24,37.23635649981607
21,0,29.762753713900693
63,60,36.666129277740346
94,72,38.70840321797391
17,87,71.27558236761674
38,1,85.37494044748048
79,93,33.35391015423696
1,47,13.59185191006025
15,50,58.72398071805838
86,81,48.770180960627165
17,83,56.9290808775547
53,89,17.744301121530793
22,69,43.49400621822295
77,85,79.89044036705899
47,34,33.18138444495333
66,97,45.77316447519292
11,38,17.510315459374926
9,91,86.11962176155015
40,49,54.71193378024225
54,4,32.331859162277745
51,83,19.7267231583646
47,51,50.14022260596624
4,33,2.6844659040831886
10,85,53.333405532922164
6,4,66.61890097952427
44,51,9.606254072841258
72,89,30.10604461745198
8,71,75.98391768355015
72,56,43.54547074221613
18,36,61.30279260572884
2,51,89.98428571736802
69,95,22.213292741385203
93,61,47.2233341142416
100,61,25.375462928223904
29,66,7.094767325150486
27,57,99.69461956853203
17,25,52.42689185468794
58,12,89.95872184055129
11,61,51.32800175274275
49,5,79.48941281860658
72,35,23.55792967350714
88,94,46.00535416840651
3,52,41.9342766678214
11,9,3.5302058224949584
57,49,82.38752308170794
50,81,4.095674222461588
15,56,22.111377632068884
57,29,64.35569479220295
3,75,8.45810604089785
100,61,40.382429209808215
60,34,93.46193596804294
39,43,57.50305267278537
85,33,51.981945578956314
29,28,12.706260939737014
53,22,32.202480910003814
67,89,69.98016849295826
56,91,17.762821770905056
75,17,50.04508179976654
79,33,48.93204928280449
45,97,19.142551539346677
90,89,46.08742005814764
79,84,0.06228825664401638
97,7,7.711278183473302
11,64,47.623165115464104
5,12,87.02452448574228
30,71,2.0011122121399216
58,44,79.04496245821548
68,87,28.99849168555334
59,38,92.6318115369286
32,2,92.90345459696543
37,59,22.66714632478649
43,73,7.836240635476233
60,30,44.63845175701587
45,62,21.46848631419207
29,50,4.641442420468655
27,26,61.28984863850895
27,12,33.36610060984862
29,18,50.21783945936854
72,29,37.122583432197196
75,58,86.58846006195978
97,38,74.9884916424367
78,70,75.3225839560692
38,66,24.611153233157935
11,49,10.200446969111265
74,77,12.073641818731284
89,51,53.9091851993292
32,80,81.11875214328836
50,31,88.90610926234896
40,8,32.60479934686206
70,31,45.47169702340975
30,25,4.302422269911476
22,18,9.590993998888209
75,83,56.94145195007363
35,92,81.07937634438238
84,65,51.377520685458975
68,57,64.70677555653499
63,90,74.32629054737187
4,30,83.02886046918913
49,21,49.81029660890924
29,75,28.3162471507585
63,35,13.28135984323967
61,98,70.41924820633491
91,54,76.71310677218793
83,64,32.4963345570894
90,63,40.25005234209679
26,88,68.87633457830614
73,46,89.74307975880069
50,96,62.88977541757254
95,40,89.4614959808101
94,58,88.30102238035687
17,68,73.5849429833252
71,29,58.60443930930178
56,51,24.451173654040158
35,54,7.301986387362613
73,56,31.461397972561635
92,82,85.846264206033
47,52,64.29429318495133
48,66,44.010232183381525
71,33,74.55883285903718
67,89,67.03198694610316
71,27,79.65079970070323
62,86,92.70117830657873
72,42,43.03554416621761
37,6,86.82731572939211
5,53,0.35914390685470865
97,93,70.91516480404852
55,32,38.40785889742189
92,23,58.18756746015802
46,37,49.09892378697871
38,10,59.24025513792972
49,9,60.92216542273723
8,65,27.96214305661582
65,64,27.76657815403879
66,3,12.753339584230794
62,25,57.31503588921451
16,61,5.926952581405887
61,76,95.89641035365834
66,67,31.16042411099622
11,98,17.952465091648783
31,91,42.4433813087444
10,49,69.58151973366539
20,1,6.283006235202393
100,8,19.963095872124725
14,97,68.01648494642359
52,95,85.98209686062016
71,29,36.21592984165171
29,48,17.750707062533255
5,60,40.99355515321788
14,77,18.02065401396683
79,78,97.14312367760543
51,28,38.23126191733309
32,80,55.11235844993928
23,99,20.96036519146661
91,88,90.79908295022601
6,45,51.264461364719224
73,6,58.92978668755169
65,18,88.76930717377267
75,56,16.630257788889423
87,33,15.928289436187216
70,8,7.18844606405229
40,78,93.43570501603753
60,18,39.05909165439555
36,59,29.583538142605136
12,39,25.65340180899178
35,24,86.65112642164368
62,12,98.05834272494918
69,9,66.5637428459907
62,97,80.08357860272997
58,49,63.321559148177755
76,97,43.02929311272473
18,50,73.17552607077788
0,88,86.86261634890464
1,15,58.29424270893324
84,39,72.94903541218801
77,70,72.99758009986351
90,61,6.405215747580318
21,17,66.5337623272522
78,8,67.9841441456622
13,65,54.13891485092375
67,7,30.233438013242765
17,20,29.03925214579335
5,40,60.17039785199982
26,72,84.23059197161251
63,0,26.554950311887627
27,41,76.38349528553555
41,2,49.954933471007564
13,32,35.76255593637407
45,86,76.0373271995051
48,10,50.36623811224005
56,94,95.12281347885506
58,8,53.785714500712835
17,21,22.190326132160955
86,57,14.324768974635017
95,45,7.622711375198832
89,67,44.48269041508522
92,69,63.69956000392939
77,27,29.645175277403734
7,90,27.480968838830954
26,12,78.31118072050486
17,64,98.05319908538178
68,3,50.571535315237924
43,61,95.62524777130744
47,43,6.458107414335412
94,96,56.15401946237992
92,40,90.45991786986065
72,20,50.86208953146792
58,14,50.01677901406342
27,24,57.97331677047383
6,67,37.85207998875776
7,32,51.91889697903401
53,73,14.01863111333299
26,70,72.77797081427724
75,67,1.6413872140826569
37,58,21.646693204050436
93,28,94.77235026326419
49,3,45.39102204151523
20,79,57.207030958651885
93,96,74.45320848718593
56,38,14.540168795421039
61,92,99.30051009977369
55,69,42.22091914557905
92,1,0.0020027530115096503
23,17,79.50710982989344
57,62,7.923959780035473
9,47,47.100703812340285
0,8,23.426031548378536
19,73,16.56940985129275
71,52,21.810208837885845
50,13,67.01314499091636
38,41,59.28639926828685
67,24,6.49428705218924
30,63,73.30086469553055
37,68,54.200609012251576
56,71,8.77145211296183
5,69,41.05469068959414
59,20,66.64973739402686
80,67,19.10694023827141
90,65,67.91406673945215
61,73,26.60372169515829
31,90,76.425854166415
70,65,3.0182310680726077
89,40,61.04618330854568
75,46,97.1438241184356
17,21,17.58500037691253
31,76,89.07598169351523
31,70,60.70486247608551
84,32,59.40821372722298
90,42,64.91866600244323
39,84,99.24173987778117
50,76,8.827690711904912
74,86,16.356771132446635
38,20,61.269530756182725
68,33,81.0331159569083
39,32,4.167039634267544
79,9,88.81185656801253
13,59,15.624026311869999
35,100,55.9361835219813
11,3,76.66922451878891
75,63,66.35676758445732
54,62,76.26810253859048
36,8,29.31757232725606
82,28,86.00358823585373
75,13,25.750243684771355
51,87,71.33737412038165
34,71,10.67663213162846
58,12,93.33629804861472
80,2,28.133489592024276
28,100,12.798053412504895
9,77,12.562038227681082
8,23,79.03574910464035
17,59,78.271430284242
92,73,67.28646542970431
25,79,97.79182527664537
94,11,97.14762295972406
59,9,72.55471319560331
94,62,84.08779369318641
59,65,77.63731460437535
58,90,7.7241771733208004
18,11,63.13816344139334
12,95,41.39398003869075
1,48,48.91638891474314
27,58,22.146601317783954
10,75,2.946238220985964
67,1,89.90017289944716
61,72,92.27926146293063
16,25,74.11920023835701
27,30,74.36098533340007
6,33,83.38560722073541
0,87,31.18385999704897
7,20,82.00828742701364
25,49,67.66650115538182
67,8,78.75908499745235
59,64,85.36042650631175
36,34,89.02685692675992
44,30,2.110202546194173
85,84,46.181660602571604
72,37,94.88947363733597
38,22,57.690366170110586
42,61,71.5976170719196
97,42,33.480105536041414
36,48,9.276299545679144
68,86,57.66824703291642
91,20,42.75874745789366
13,43,2.5091728028988847
13,7,9.578827721473338
41,65,46.2957568587607
72,45,49.92290356795731
6,30,49.66812795776882
94,12,29.510691170011306
12,69,56.42498017081141
98,56,48.86992359378907
3,21,24.840189328183826
16,69,63.07175515399393
5,16,76.36725744675242
40,43,6.020808548817003
55,23,18.249915264592676
29,40,71.08344871077502
53,37,40.20772657795124
22,48,58.5510984950946
23,39,52.62733460797716
36,38,16.98891106394639
59,43,60.717981161824895
34,48,11.492265761010623
70,0,80.70066207276886
6,9,50.11531291033571
88,15,6.755143700284649
76,52,98.67917063367209
17,53,45.045453689830374
95,4,69.98859935847263
48,28,14.508831817431522
37,35,14.478774418654927
0,20,15.628709985287514
74,6,15.26152671203671
4,41,13.825241885674922
95,31,98.54767295705463
60,89,35.212638273018946
10,80,19.18042050117956
29,68,42.454644391144555
97,13,50.268425369123506
13,33,46.0617854389028
19,17,45.6179232402418
41,65,72.1030214494165
76,89,67.54518853352872
44,47,32.737281218464574
51,86,18.421090607551193
16,42,69.93917009045863
37,22,32.69288351911575
14,81,97.74151859684193
36,67,72.99263905680354
4,19,38.5992846811111
47,46,99.98384746731884
0,29,13.411414345957295
49,68,32.31528480356059
37,84,52.83195709833043
75,30,12.409355394547694
44,44,59.972204709260666
69,79,72.30449272327229
16,33,42.221251196597706
16,4,63.8424228866293
10,83,87.41363206409164
5,37,95.90816056273447
23,52,41.67447800254182
47,64,72.16290341788775
67,17,76.97882038314927
38,17,70.73590915735846
18,39,53.46097362875586
94,18,17.180135634544747
80,5,26.910158008305363
31,98,59.48012211746185
42,3,37.044665965853675
47,58,92.19758574341593
21,0,16.63956939235156
97,35,29.280201097908765
55,25,8.588818410953836
74,84,56.649463443319945
31,93,25.635432216645714
83,65,91.65637146775684
66,14,35.38272908304606
19,44,26.294619614013193
31,4,88.24342597317809
19,70,35.89502458239774
39,17,17.377487112719734
39,93,93.50209387386069
61,61,0.6247141952404611
97,56,78.19176847973056
44,1,99.00132269616321
54,16,16.459339573333832
94,66,30.516223683167965
62,78,56.98418106763775
76,49,31.606151237423084
16,24,54.31774166573986
80,69,90.37013939274729
6,21,27.978383093173818
68,8,77.72204027746984
45,72,56.91640274203466
84,33,94.40015351871139
30,69,39.24239768722148
76,96,96.16539957618842
53,0,96.30972229513917
33,43,79.94933497775128
90,6,9.688171504911358
18,14,23.72092601206862
6,37,6.028454863297417
2,92,19.329881514723358
26,80,38.05430860864058
25,53,60.64311558729868
13,29,38.550014560662916
63,82,41.24109755990314
91,93,40.002393746729624
62,3,6.801893655674329
57,74,87.51433768323793
37,41,65.94587267230587
45,39,33.589396237033974
21,96,59.99069404084483
69,32,52.64744595607189
49,28,37.9387009490988
25,14,13.8471245806565
12,95,77.27094904987676
52,98,7.483721559907708
70,62,19.419333324545917
47,61,6.467887489812318
73,99,28.362565489053736
10,67,75.5941182662019
72,13,94.76368220561893
90,18,89.51046301339233
16,81,53.61226156280874
95,61,50.07995106679387
94,34,98.69566848315952
38,98,50.43495736363748
48,83,75.23763360667095
60,68,94.93921530258616
6,75,0.6447711841581771
70,21,7.180215548862812
1,3,52.45184747598639
63,34,0.426169960350542
65,83,65.26358921623785
21,90,88.54321828323444
46,72,92.11754875409186
0,78,1.3052547617915078
86,35,88.12368416724354
36,76,68.07249371306835
26,81,74.22894458686483
20,87,55.299630351792636
84,81,20.410963987583074
34,96,68.84554990179856
61,49,33.66916105532405
30,11,58.80263578799627
27,66,34.83650610472087
100,22,54.307925301205394
73,68,12.267790887912133
72,41,6.374111735569576
52,42,5.413285193398954
84,15,98.00747858803929
23,59,73.24843688070354
62,60,91.59072139604683
48,81,31.40748190839464
59,77,55.77970698865358
43,95,52.982109366740346
42,99,8.408095139113392
13,3,18.994502565512505
9,45,61.099216687471035
27,25,61.334437161399045
90,51,35.290167439555496
34,28,98.9780168957418
70,82,57.38382077662047
41,95,65.88589649383026
37,23,83.19027620192455
6,10,42.3630411934425
58,13,25.172687880306942
85,77,44.52610751731885
3,13,44.226627416708666
75,83,53.10388479571962
11,65,46.73196546400858
29,3,71.78026484355539
78,12,63.59933587554052
83,8,13.770305001716999
26,10,22.09068548667882
80,6,73.02293160953363
35,52,43.33872893427618
52,31,51.80375902966766
17,43,14.362385013359669
80,95,14.11431631529707
10,21,24.39102164109862
60,13,98.38327286048165
73,71,71.68350747743257
99,45,27.34040368009841
25,28,64.47130322057926
26,82,68.8156312800936
51,29,89.42510841800184
79,61,44.15618777253357
27,26,26.173410787560247
4,50,29.400880765228564
85,15,18.841906029968136
53,46,91.28732874908967
23,65,64.98260746489774
22,51,87.34113939617188
92,25,89.49174216341692
43,18,67.10766834379494
6,39,83.20243544109958
13,48,15.339549360747206
77,45,53.263089498746574
17,22,56.678523518337755
40,27,7.115184290965903
94,75,33.86657353170688
68,44,94.70317059939481
18,38,40.59214484071552
2,0,16.767892181624266
27,9,12.441782509040145
8,22,13.67742631401706
79,69,70.48195518351157
51,23,14.89972487282486
87,70,86.60585533272818
47,86,53.13910089386549
63,87,53.70874416024595
30,65,30.194852866340337
13,55,81.84232198055726
92,55,16.112748647143537
46,26,79.28655414945578
14,31,98.68058368273192
46,19,48.1375838992686
45,61,47.24362828443307
97,25,97.96963159794204
4,71,17.436832561589377
10,11,58.015071855315846
63,57,54.16495665372049
18,55,41.63506214653934
100,17,22.500769328738023
72,54,22.266971182409844
58,0,66.80478603787509
73,11,48.091747291682495
13,36,4.266493483229916
12,99,40.67237450770775
29,77,64.53201836747245
78,8,72.00661042151395
77,63,40.55498040356893
9,10,54.377794273335475
46,89,44.04586497007368
60,9,3.1409255023564286
76,84,51.423814127785135
29,4,55.39107002396452
75,59,52.373958828936665
24,39,86.75311029421844
59,80,77.81828466795953
72,82,39.260881395480865
15,78,43.987437613277436
54,87,41.724767781256745
32,52,38.28005193019896
80,99,77.75009125525257
11,48,89.24867863680774
15,30,93.7408167163185
25,3,47.97303681430248
21,10,33.443995089048784
22,32,89.08348987091243
81,21,82.83920961421725
92,41,41.99571138877649
91,97,21.50189580372316
72,18,44.511067876193
91,97,85.78274132757187
92,51,93.48550225091378
99,76,61.91833872059554
30,63,94.1029380008834
41,52,52.0466492342035
9,66,95.08145424701807
52,89,74.66354716548486
43,94,67.6187549864336
81,51,48.37986667799205
50,92,51.10564679412077
16,41,9.251243641775108
64,17,50.1718510114888
26,14,5.2990723148103935
7,59,38.64721059096416
54,60,96.54712033088212
82,13,94.63633178852811
58,97,92.44654464401779
75,22,15.455951260844003
57,61,51.45742302468055
58,88,25.77261183981544
76,30,55.174645430260746
13,10,12.72718712447013
72,3,59.53221450405667
18,31,39.383489361451694
17,32,45.66455259942005
42,13,72.80263007944647
44,49,82.06746715285963
98,39,55.01190138204781
75,0,93.86888114332818
87,24,25.380551025641562
70,84,99.76245907441276
78,43,69.29179567415471
46,90,9.311590260955127
54,91,11.0837652571937
50,87,17.115650383052085
43,90,85.75461049172492
65,73,78.82871584276268
78,97,57.44578096469167
6,90,19.349886874236976
47,41,69.41192009799482
44,31,84.23637902670687
9,40,50.76580380467982
3,95,69.50941705313994
9,8,11.293249488858637
34,49,73.55365553169759
94,36,98.63590286864064
1,81,24.98611286646962
38,94,73.53712018520275
78,1,93.57534054989294
80,58,24.884670423629395
94,29,58.38395358986151
50,80,79.6416841144524
13,84,13.835292348031036
86,8,15.144467613848322
46,36,30.68794732081912
99,93,60.80078432114109
87,59,60.12265459260846
37,15,31.01855683369378
93,13,80.4997747500931
90,25,25.416872932224287
82,80,13.357501343105238
86,50,39.58970139844713
6,11,79.39777939467622
74,46,58.69084380155453
43,2,49.36101211756423
1,33,61.230721712613736
73,92,88.40767835093982
90,90,49.0708586589505
48,41,13.304288466855741
79,1,58.36979930661953
17,26,59.796575935059025
19,72,28.555613836675963
19,83,19.426579679597577
65,27,38.92578309828425
27,99,52.6384560562573
100,22,59.48806637058783
35,89,38.414980112986775
9,88,20.248291412439023
13,84,86.88677066734644
53,36,43.48696924687101
70,24,84.69896693576811
88,30,84.53970895410792
10,12,56.0874803341115
43,52,77.75323390709536
5,56,52.79936236755361
40,92,84.6747459690998
15,68,51.87435254832846
14,65,6.423571785270898
85,69,50.976817618214085
0,44,87.58459153783863
35,85,45.441600971072695
97,24,79.63217053691564
14,8,0.6450259431536542
6,30,94.84965180581636
88,32,76.63760609271043
3,85,11.79829552623759
68,67,67.81603903333956
95,57,14.948116452139338
27,84,80.79195734539273
67,81,7.02342041410926
34,17,19.29942346596495
41,75,54.69525633430117
13,18,38.106035263692526
17,35,35.5489734436766
40,58,34.86839431544411
74,85,7.108818684557927
38,43,15.743110653269865
42,63,40.26042711037767
67,98,49.646680197952534
27,97,3.762732217782927
60,73,88.32624719493646
15,27,49.619798131255955
34,87,2.3817426884050863
100,63,54.79117255009777
50,51,72.09334582226587
44,59,29.526776477057183
84,36,81.81714030893036
52,48,77.90575434100604
25,97,88.56255738207525
75,11,56.951093451928436
44,72,37.013750677797276
81,93,33.67534732392395
5,33,2.5452303633292206
83,47,1.098695651170123
71,14,4.507928431424569
68,94,28.438902537943633
95,31,78.29653446983382
93,87,8.810912836932506
91,63,36.6046455056664
32,43,51.24931644931673
41,21,31.161131345644687
82,2,26.198639550248203
29,26,23.322240570972564
13,100,89.0436758077628
9,9,28.239436109691052
54,1,54.9078610372587
8,56,17.6207948313036
25,67,51.18908745574352
33,81,82.66763705135455
17,1,30.640899311042837
47,30,2.2811463014829725
16,34,52.82791479145425
49,97,77.98731182078276
62,47,84.99887609226413
71,48,61.68950122541762
94,10,32.13750827266186
80,6,73.12350392664779
86,5,99.21156880985306
37,42,52.53618370047912
9,70,5.146793820786688
46,38,87.94946823888465
12,5,48.13468421843863
88,60,4.435429388759859
22,30,80.4711976661149
56,59,41.33383687617199
78,8,58.74846420897306
45,63,16.33825002541244
33,81,45.8115034005172
62,86,24.058238647673203
4,3,29.77086374523029
69,15,3.8402438540051875
76,94,98.33070581557243
41,6,44.15995592876415
12,93,90.38884098842527
0,22,31.8954991013232
69,10,62.3038920017661
22,28,50.63519864867509
97,7,97.97910410393928
49,91,29.501001167555184
65,83,91.19939945580585
10,2,96.37700078692613
70,71,78.84171658407527
16,76,42.81087560405563
71,51,83.41823021216706
27,19,25.453201733586884
38,94,71.33743707746834
84,30,73.31854939064924
41,27,57.67699273519015
82,15,97.51899855343615
70,47,31.94066020142039
38,23,39.50362159365034
34,58,16.48214112002161
74,94,71.19537434074101
40,83,67.34122351015911
40,8,16.487271460632734
27,13,6.0699582666180145
94,38,83.95487958554935
36,38,78.57031687672905
98,2,44.07547456940113
59,42,76.09571171828942
89,51,62.44881343491356
27,68,90.24858597112174
56,38,7.232773184833697
58,69,28.163692733096347
31,59,78.1686181778019
48,63,81.1919750132262
3,53,94.63473976166324
64,62,92.92458529174654
37,33,9.008920085286453
39,88,58.87457134409955
12,92,93.89514688052225
84,85,31.609910889898696
75,44,45.86861095417875
76,14,41.34859273621492
91,68,99.65429066432031
47,81,48.94679144157453
57,79,47.51751311082747
21,25,97.37422766504635
12,63,98.49015648963008
17,36,4.035532669409248
39,12,65.18290295457025
31,38,89.01525087721151
29,59,53.45634606461211
55,93,51.708263115383915
65,30,72.40738528168113
37,98,82.51899006799064
0,83,92.26924473551
23,83,9.90752098893658
13,31,76.86909744664963
8,100,39.08975257618826
84,75,6.058005820709511
53,7,70.35738036379944
82,69,9.635272278929962
80,77,80.51220284766406
13,62,20.572575348797773
8,98,11.500918688566763
6,46,66.64797644647584
27,32,87.35605079461327
37,32,70.17186541530526
35,28,42.6944169884965
40,12,66.68235309306073
26,93,27.153158385846453
94,74,81.76514197064296
76,55,1.8436862970696466
57,73,63.41467351864642
45,49,65.47574230999227
80,19,93.05804768943943
58,86,51.76551037978182
23,23,71.38621899643552
72,30,86.19008312776919
80,60,28.733347168070146
18,52,65.57767992772114
74,13,75.46835743489791
15,31,19.887008275597406
88,58,84.35953505636874
100,16,57.41212570128539
64,18,56.066120343599245
3,1,35.774551930979804
90,15,9.53630173045571
20,32,69.21622539493852
47,78,37.127127418174766
62,73,52.32326052316879
97,6,98.14182773819381
24,67,27.831621131117025
82,70,13.236127207836223
40,79,13.957873237275443
9,93,37.36861551963205
72,85,91.87689838072238
71,51,34.724542321472505
92,74,4.78977915791019
41,58,70.24981957195654
19,77,73.30628644242034
86,91,79.89954102799403
67,26,51.54915711297089
78,26,57.38853071785789
66,68,55.03937440742088
87,59,44.654583349611734
24,29,54.894725988015736
84,48,61.3924441065169
35,92,1.1647359819004666
46,61,98.48317434020836
32,60,42.98036466074804
34,15,60.02985697126284
42,91,18.63165089491704
92,40,74.05378473348863
37,32,40.230361405566775
100,45,39.04179879602325
82,14,63.14526598935603
55,68,2.818157891510187
35,89,25.58454104269636
99,96,88.85177150367048
65,12,73.81021717084293
93,44,67.20040585305773
20,59,42.997610216923775
99,42,28.312366153063106
46,63,81.97358708014117
98,52,69.20954627605214
91,13,61.04368586880119
62,52,0.9706864312651886
62,50,20.602475429980196
78,50,24.05124206374456
30,69,2.339885098732797
91,87,39.42256443670067
51,94,77.00335385557383
4,92,37.27478403154505
68,54,51.03697959544588
6,85,40.85655280166524
41,83,19.185212709279988
3,88,85.19954746775919
39,47,94.90896954687493
100,87,79.06106743452507
27,45,38.363156712488674
13,62,83.51965693391354
44,10,85.23984289038829
0,94,21.516231715117907
74,96,27.191144904291775
93,85,33.46493230153944
78,54,72.43921204562446
0,94,25.013795916783977
0,6,44.084363056235475
96,25,3.0090936245900757
11,5,45.07305971346588
29,55,15.87785212362821
5,95,14.29302172140946
69,47,26.181596313458442
57,27,74.45372352697477
30,89,42.86912962639081
18,33,67.14486722615776
16,91,91.18767796934219
81,16,61.81587246787854
75,16,54.98016340797407
9,79,52.94950711655419
9,94,61.36670918690984
90,34,89.17399568258205
76,59,75.95965267581126
64,69,68.90873025853497
28,72,24.56731767761675
77,16,43.35365817138038
87,51,41.848829953365026
58,92,98.644976752261
48,5,1.1675742811445344
27,0,81.61366404908962
25,83,53.96937623546554
84,23,92.51266129494637
76,30,64.13501220585759
24,38,27.116464424071786
5,40,9.160683553211758
34,98,63.5389318936024
76,81,81.94396173601821
59,15,3.2140063579904843
43,74,26.329968833244767
79,18,64.09855830985451
59,27,90.1570095469245
21,51,40.329080003936056
100,42,12.053878752614
12,78,64.84670892188787
98,47,16.37260843885612
5,81,90.16017552302861
20,41,88.32659988661575
31,3,7.356106130132966
98,25,75.3954473417427
23,88,33.902340171458114
19,95,0.2940582229990829
85,87,52.53917382243804
47,79,79.1939310269179
6,21,22.7425780647176
68,60,51.63419744479172
73,29,2.978363443536436
24,22,20.30942622327383
47,24,26.02012711078633
32,67,10.555559747073296
74,9,84.33056686969078
90,38,57.225224646639525
91,64,79.39442611134206
16,79,21.863449395386002
98,14,28.206753174092736
22,69,71.69980250104429
28,81,26.343825409390764
28,58,71.39173016523935
78,67,73.67598728623969
89,83,9.346508051638235
5,82,74.16610968222129
66,49,2.9578903359591013
35,1,77.76688354256406
75,7,8.993894088405563
51,8,4.654760534307312
77,31,53.399265897555395
99,14,48.05290335944936
56,78,76.80107233787781
95,20,23.16941270468219
94,18,92.8873152107758
5,35,81.97163330263758
29,44,40.74671471964608
91,31,95.64116480615891
53,65,26.477183924274783
65,90,25.15241156422302
61,24,28.974313986179233
26,38,61.988952383981434
28,41,19.49476607978561
39,95,88.33490198491657
97,56,60.62899482259958
47,75,94.727216686386
32,59,89.4454913956745
4,35,49.57746191050173
54,75,31.783420040942246
0,47,89.8499963611385
11,49,96.41360353986906
51,29,86.49931786158717
99,100,73.34291808045728
68,50,38.746104400317904
26,10,58.2952801016311
15,42,93.55402437584512
92,26,66.72386250013925
16,75,29.590575896075034
70,57,53.202168527454965
95,71,96.96011762280466
2,96,28.013225663696474
17,91,76.70696962261083
65,7,84.2229836295542
32,55,52.93525555237134
97,84,2.1191013922185475
38,17,94.80429542678563
68,74,67.8448222998646
94,92,79.65064551177994
4,70,77.40790885445928
79,56,70.57217021678406
21,28,50.47228441652424
10,16,5.4387656064001195
16,61,97.6041547336054
2,68,62.857502267107115
46,69,75.06151675255155
61,88,24.89035007451983
46,44,6.622010617845286
32,54,17.92212339696526
23,32,37.245679073156104
61,76,2.5685396450844222
1,55,37.81123964588448
36,65,7.2854273213404985
89,12,63.46330158674277
8,25,31.305783541663246
47,64,67.92772045193838
91,69,59.34590236747589
0,76,26.672745051224712
35,30,39.44037658922576
26,40,70.54953625307742
62,17,60.467078122106464
52,28,18.529217222395623
22,28,59.747160645158296
31,11,44.04889670106456
1,93,87.04644050720094
93,65,0.9183010148146598
3,0,87.5178149007563
3,50,70.37784143563044
98,27,44.68483816345971
36,56,72.9741422981528
42,79,14.428787133457933
20,52,52.22456523358387
5,16,76.37695178541267
88,90,91.2545334772883
83,77,71.47480410802748
54,25,30.597225602748978
3,23,71.89139581602427
83,60,77.57854908867048
23,71,43.00247562723294
48,19,59.35346168252246
94,65,0.6446044271861129
30,62,26.83530495214004
89,40,85.8090118691655
7,68,71.64803359251431
42,15,85.46404586811818
12,21,89.82667204168902
4,19,53.39925650975786
27,28,83.5994800259385
76,97,9.272101088074614
74,10,37.736925008238465
43,24,75.96982359999055
53,25,7.3149496129071405
10,53,76.38921100756829
43,7,96.2014104202209
6,20,35.187287674388216
71,99,87.13274397712128
0,87,48.344769428476255
51,62,12.247457207802148
34,62,8.699302731615399
96,78,39.929741758219464
23,15,62.267628432386715
64,4,86.17800162630719
71,100,45.130446968070224
30,94,47.48143442192426
18,96,89.67147353887485
32,85,11.967307138817219
2,1,96.33201252692791
38,50,77.88652935573916
12,23,25.536959670079884
64,64,54.95813583424191
72,14,11.421202103245243
3,91,88.90395617609694
13,77,95.40078680067536
90,37,45.094931811734426
3,52,66.24815097217
70,98,1.4763460980791066
6,76,64.66925041451172
20,2,53.19332034426284
58,97,38.69285801518841
2,78,67.19451405656407
85,17,41.65684659810833
47,44,38.39690625088643
52,71,58.401953883726044
58,27,88.07793404241185
82,23,10.47284117272117
80,99,73.95228634422266
57,65,12.214012029081822
43,71,35.24467985059866
33,57,83.31043516796286
69,75,67.37088463822515
93,57,33.261514984018035
79,10,76.97195002499299
89,8,0.5062005367192479
24,14,88.33098907828091
100,93,44.30194608382545
60,95,98.84321528830623
64,26,60.826828021049906
61,51,22.21869533956231
77,41,89.41331938103446
12,80,56.4310042899775
70,41,9.491860902366112
49,45,39.695545859944716
3,95,94.79402451281165
32,26,16.577742092857584
49,69,17.295379488080332
99,77,63.70897346565825
13,9,54.70745659781562
75,21,3.8955752981801206
17,2,15.805942205727796
68,32,92.1044183241035
87,68,4.444279084977342
47,40,49.564083035415074
74,6,84.07995732206332
38,65,74.32741558358752
48,53,20.777170120076647
36,52,19.643362078453364
93,62,80.40988046351877
25,63,29.02420925634912
35,76,27.829387608847522
71,58,84.55827140965432
64,45,24.122511683216917
64,86,27.39928781438984
8,76,68.4596315682307
67,16,56.483019120338795
6,67,18.544054284125288
7,86,15.046726927355781
51,24,47.24066294999051
77,5,62.74211713810464
82,84,51.060647257374825
17,10,30.1578072689519
3,60,0.8955827796950699
8,89,68.57578001070283
47,26,83.09782841015571
43,25,69.27417096328715
61,94,80.83435295110412
3,25,1.0201770319952175
44,69,12.121962312389801
75,27,88.08400103849219
49,64,59.61494459755892
50,33,15.783122535106365
10,2,35.33483407305626
43,73,34.97366215477008
79,78,85.76432275430373
91,61,4.162157970087311
62,39,63.937025271540115
99,23,3.192746587818507
82,52,6.368680493549395
62,69,60.06536320775934
35,34,86.65314846990496
85,95,79.77552995229519
28,2,82.55598980838748
59,100,21.916291420606136
97,78,16.982897892604644
89,27,69.57953197412375
74,27,57.43438838789903
1,64,22.587028606340997
21,85,0.28597120004186793
25,17,7.615331812652693
10,72,95.44708292274682
41,8,38.90547643362208
13,45,56.61580384017218
51,13,76.1274494151814
66,20,25.50983351975864
82,21,96.39858892758289
84,87,74.11488858422732
7,1,70.91182163809452
40,38,77.30424207070307
56,56,4.558079839446583
85,75,10.485204701159434
37,24,67.21399019003607
46,93,11.509140513890703
83,31,71.01419195960183
90,21,10.965945464038441
55,92,17.679775214370707
6,76,47.86662901911474
0,92,48.8642258533954
8,65,27.490686898126782
85,95,38.317538525759545
37,54,55.76298562416409
67,10,31.64165908214858
46,92,34.4249405113494
41,48,52.40364116042117
92,21,80.7353723848845
63,75,66.36799290041593
57,4,16.549159905423714
100,78,20.958948356577768
39,53,10.740981750495603
65,99,77.69716959679776
51,55,79.82769740476883
61,42,63.600970353448325
69,95,39.54839720680516
58,43,81.41188047382988
91,72,63.86609489823438
95,22,32.1150300020744
40,39,36.020400967354306
73,40,12.050475716394471
53,34,22.76379330036782
7,35,69.42788864969536
99,100,16.55658790104888
47,52,23.301553664918593
69,95,20.205217368729457
41,59,22.13515796654921
28,36,78.3110982452168
85,49,41.11858358861424
11,18,35.02951019398653
3,53,92.27507225232488
18,13,27.894367728162717
35,54,4.153532108749158
46,63,71.26692650281605
17,57,42.43221416308817
27,47,43.468497842374745
54,11,42.382750567716386
73,85,45.43577529937701
19,64,83.48446052340157
71,41,51.88983651589532
71,17,31.240243855424033
43,17,9.205497273455176
44,33,57.048021724947326
46,40,6.582689072453873
34,99,52.6741640810579
33,35,8.279908535361912
74,34,59.887500487495295
69,91,41.03326297028311
92,99,1.2774909475632978
46,32,51.22169814554521
32,24,42.65235269904171
83,9,21.10808790844677
39,91,55.024567602736774
30,45,12.022674175717041
95,26,24.68556303771422
47,13,92.46751834435518
1,36,1.3571496337677735
32,42,7.754908537435112
63,24,54.507827124851026
45,48,85.85643097891642
55,51,59.06448316576727
64,92,21.271094538783874
85,99,56.172763240172294
22,31,75.09349572651546
27,32,57.218387853695674
5,44,48.451462892697414
35,90,32.37910177250024
35,8,63.73855720758503
67,17,34.764120812935886
28,22,7.670698867889303
91,29,70.98794022312053
9,0,21.64266293475875
43,6,3.7958821930811015
3,79,61.43670267828265
11,21,52.3079337887283
51,82,97.4299488577483
86,67,10.093126647060501
4,23,42.90127476773075
29,58,49.90999863202481
60,11,19.61001687004217
44,54,71.08740419266789
2,64,32.45482347956666
94,100,91.29052041710405
69,24,8.382268790144076
47,68,24.36201644036604
76,41,21.219148834234915
17,34,10.815897947762421
79,66,17.03349689324256
56,8,44.469184627056244
41,35,79.60221338868443
24,4,44.787759697723914
85,67,81.02826960439269
3,36,81.9439167449489
60,66,23.38777674906919
46,12,91.7273840090568
31,63,41.04334539888696
70,89,82.45063658588265
51,24,80.84717813312393
97,33,84.84725281850865
47,47,4.9035477583831195
11,48,84.27882526891518
62,44,45.8046337929046
8,99,43.56494313485465
62,56,74.2711869762821
3,99,72.01227752510626
55,9,61.24319429070785
54,47,59.023865673353626
41,4,30.681541025430114
54,75,75.3269235567308
25,26,69.52893095360983
6,9,25.289920207972262
71,89,68.47409777619997
63,73,66.93725733659404
93,28,15.534529829268816
69,89,75.3115636430145
38,68,71.62416339650291
67,30,79.03078699197236
7,47,77.51615843334177
43,33,20.053589453181765
23,93,56.99065784865752
88,93,33.76703328329314
29,84,73.71718437542552
51,53,40.1721028087764
17,80,42.23077059148649
56,95,66.76963546716648
43,38,88.99951289922689
33,65,12.637968093532315
48,65,8.805624487613706
78,30,99.36357100475377
42,41,48.130600642288115
80,37,47.185956963799924
1,42,84.47760605606871
53,1,98.05945526581597
64,62,27.193139724723725
56,5,33.80304215476654
15,14,68.8102870490887
80,9,85.70137357954212
72,85,26.815402132538402
20,67,1.3507201921661105
61,30,76.99558307812188
63,23,50.08054136967486
54,81,14.154514342662639
43,10,17.080686010433553
25,47,51.00873073238403
0,55,10.702950793399534
49,48,78.51019139890386
39,6,43.8493348564954
2,70,40.102875774503566
70,21,9.087257426283868
3,35,32.5028907454891
30,27,54.097662121246636
13,16,19.20771973550879
20,38,27.51885191170621
75,36,27.288109098501266
11,7,62.60793043055579
5,14,16.53668710094992
16,37,29.70374351689512
77,68,83.52661694921983
62,31,17.689518144226213
8,72,28.03731633171298
27,35,86.0174647798669
6,71,24.23846384459356
42,87,47.461933773323864
4,58,27.828447695506796
15,56,34.96914507002843
60,67,88.92095302959923
0,81,53.557732972066006
39,53,67.96745619611434
37,27,96.25241348628197
6,36,80.95098569477595
93,100,16.020647894687734
58,81,8.460066519141908
25,33,68.07621671043036
76,40,69.34470419307688
64,40,89.14030024277866
62,83,85.69806798103644
52,31,41.440155360968966
50,86,4.38422530790008
49,3,96.13785596917945
28,0,12.10485759038864
71,32,84.83890014889788
65,5,54.04948244477155
50,7,14.953531498418304
7,69,77.84521420879135
26,15,65.84642328372932
40,88,88.86065091350773
61,75,71.94545389187982
48,64,99.01886199617496
22,33,51.393571643353354
14,34,99.64057022126136
63,32,20.505471403651086
95,62,99.1508331973836
85,46,69.25742403585821
52,56,79.55670971688933
7,66,42.417417976519204
36,56,5.347571977666843
80,31,27.272288424136203
70,80,14.83065331393335
20,70,59.05531257414487
38,10,13.019963490694009
4,22,1.5495891660422645
16,54,85.7732526694876
98,14,90.33581725047968
56,35,38.523078213631145
14,52,72.53628221303033
15,67,95.42445443534793
88,48,75.35643852982113
14,51,52.301460811767406
10,58,4.479689965779032
4,86,32.324280577522146
84,45,16.964855853319815
52,45,39.851458121812946
75,80,68.55401028030312
53,97,29.847025881948277
93,20,46.03027478600917
67,39,48.55860914471335
44,98,67.64717807036787
90,42,22.756886930785857
91,61,54.530445591599296
2,54,26.75337231735353
60,96,64.12789413243783
66,97,46.13098737049359
23,48,10.930239005406705
28,49,94.11202139147974
53,95,85.01485927045186
18,85,41.26140861656765
59,0,82.2672359312485
65,22,23.434100220238662
68,63,92.87037769482045
36,81,48.95932062038566
81,64,23.616351605474694
24,37,34.093737435167945
89,45,44.96557311670008
76,47,44.75665837950591
34,8,88.55531075319806
85,48,68.69349487837079
56,41,63.46131157417831
63,33,83.91886703352259
73,85,77.14838381063383
36,96,43.131591306051334
41,80,8.870805500324385
6,17,73.66406364084304
17,26,4.592943987484787
31,5,14.682368763693832
6,43,28.08531319048925
50,22,26.45207488381591
16,68,13.008780942265364
30,56,11.817627918960449
28,73,64.54183765671665
75,85,30.008782069297478
32,43,44.70280717982418
89,21,47.957001509283046
38,63,90.81148103923134
29,56,35.449546558588985
2,25,46.02564062254467
83,15,68.23262263543985
76,33,68.18701307051639
18,88,94.4732512438393
64,69,52.49250681542025
41,62,5.208258134103172
22,70,5.421014948299474
17,55,73.47971484731389
42,13,73.23863416797968
4,91,4.933561545407173
4,12,12.594410006633872
18,2,14.723553354220032
69,84,7.448442730747129
14,62,84.30861512940476
10,0,98.90944098555575
50,19,10.275574842726465
93,35,10.366973755456687
83,86,56.550534379652525
34,19,82.49830974553369
3,1,15.746367769945424
8,30,35.290874660396554
90,99,19.15446810450382
82,60,23.114797090733475
68,76,10.87432592595774
7,63,41.8270798866949
93,25,13.579181638583492
35,49,44.166104222767885
79,17,38.928227067053726
46,80,31.929895706622315
45,15,38.40648207216103
67,25,67.18942991853085
58,79,11.89727984996065
3,57,58.38073485729808
70,40,14.278059487321892
66,27,34.24786792492929
24,10,66.51192004727487
55,8,55.07715925944834
59,88,20.006573997629616
35,20,35.502511436441566
3,79,14.827113870675834
71,94,70.94458290881724
27,51,91.00270647650049
66,89,17.079611249801996
71,100,61.441776366807446
10,56,48.31670757616583
63,9,37.41004528660453
5,95,53.025570899555404
40,35,12.097884879594535
86,73,53.90988800505154
52,9,65.8895520572861
43,16,92.942862500457
65,13,87.42596644253224
6,97,17.3695613722865
28,40,0.9830725367809934
5,97,62.39378013008693
74,53,70.54325596109388
7,45,85.58909376816032
29,19,44.290618152106354
100,12,5.671622648423924
82,9,29.791974420008728
47,41,78.87749258904235
60,16,60.183712555529254
63,35,65.5023933805284
66,69,66.15002906500811
41,33,50.956599320263166
29,35,71.46237126250142
96,69,12.618039972126772
49,90,82.63267263118357
60,93,37.1234768387233
52,49,28.708635007080986
25,32,72.39776382641642
36,46,43.880729904168334
19,76,7.697547265670979
96,35,76.97125721096147
91,45,99.09984779143045
26,4,30.122493432437068
56,5,85.14453986943789
56,41,10.398281404548538
28,89,20.428116516566764
45,89,0.7263910407033225
87,54,19.097318523617968
82,53,66.03438239842394
5,3,29.164772374557014
65,44,4.150262070858157
85,27,1.2492237924331295
34,89,30.412765525632224
1,44,24.03428596871324
93,49,38.81963932267659
98,41,35.983915937673274
14,82,12.619249382514608
30,74,33.74063728799372
9,59,77.01797762433429
54,90,6.637331404869284
27,84,22.07196687774875
7,96,21.854122139062227
76,12,7.825570760731648
93,81,84.69187966157506
36,93,84.28577432441617
38,73,55.873501095396506
92,69,51.05466367632929
85,66,0.06560337280006046
87,65,25.74888405771426
37,56,88.66602429729184
20,99,67.04450202377868
13,19,32.86255720688565
40,20,8.597668306396988
50,37,94.4564050928615
54,11,53.67622869111612
65,18,80.44376526264665
72,34,94.76785007972707
58,54,50.05424108401408
73,25,98.21143491703313
49,82,88.158464855713
17,43,67.13559654668492
49,45,20.63911464793753
89,48,18.765800492295735
87,9,25.063825270064
57,27,67.92496508995303
74,23,12.240401048865957
90,1,15.966305092308176
13,54,5.813060501489908
31,19,94.18834886956645
21,6,77.55343600472946
97,28,30.845899185472746
1,92,58.576046859393614
96,93,14.912670739655631
43,95,45.265696233575284
55,80,26.012389890260156
70,49,20.960807562876816
34,100,91.02063212097553
94,43,5.083838533480045
46,31,21.52580042223189
90,65,86.21778234143488
100,24,92.55769602066435
17,34,74.94730754615375
12,100,66.55875380935471
52,42,53.073462802882766
47,75,42.61477216296181
39,91,43.807055108188955
48,95,73.67657650683262
55,40,38.8415331860464
25,0,16.002668395243013
64,67,88.29950569567654
60,66,36.66053505898479
30,66,42.51331387178522
100,45,73.56590720531014
92,81,5.2508612608021865
87,12,26.62290939070995
79,87,30.7066475094415
38,6,66.01192291449932
86,86,60.32014286421682
48,60,85.84212991334445
7,51,29.66932040826743
37,56,6.187352951734082
66,78,63.737826928552735
77,45,88.38026803351778
20,64,8.14427259394832
46,20,51.534725739975464
93,36,44.457711328267244
32,96,36.662140557257075
52,100,64.51866794340782
55,18,35.49387922638642
19,50,74.2777106743218
56,35,6.571958698577163
22,25,41.58775498867271
86,94,45.605607193197685
60,95,86.48080810051478
34,59,20.002284339745735
61,15,57.21836247044255
54,88,46.70991129260401
38,22,51.5266547369372
85,66,25.094801026131762
92,23,52.65145329139141
48,33,1.105727355484687
34,72,63.91151816048354
61,47,60.84711244911358
65,59,38.11975209106364
54,56,97.90949917914413
17,79,58.04274101885704
52,19,38.586778776554134
34,78,66.84721794141777
43,38,85.79159784346047
13,37,13.920374495240173
17,35,42.20297840932823
31,11,81.63037481860258
21,28,41.94109160371527
98,99,55.4813400511566
1,42,17.940123741194157
69,95,14.247002638143968
47,45,64.24014172368258
38,81,1.4294059873246612
63,41,93.94443224146308
31,78,22.961306301183736
92,40,7.244013920931325
68,35,8.259463239747955
37,62,46.39946123100703
7,37,69.45049480604078
67,95,93.43480323271822
54,55,45.72456609622944
21,34,5.762152641996565
21,31,88.85252037694859
57,83,19.876251246952936
90,19,70.78911031563955
66,57,52.44487967268549
92,23,32.62582166409073
47,76,8.76198109334727
32,80,59.636179021396316
33,97,22.10338352023661
99,55,59.90184766349936
58,30,61.99424869552287
32,91,59.72632332343919
17,3,16.11611619286454
9,86,47.204258127955214
99,1,63.7767276472053
44,14,0.4619557198031754
86,27,71.96872486075733
5,0,34.223582052824796
86,9,35.80363471346647
9,35,3.678519314018913
65,78,64.84829137324398
61,32,74.98742656698606
5,58,42.55480070917979
68,26,15.259871013180092
7,12,12.518932602592258
54,52,19.01484501937518
19,57,99.40620249129252
51,45,44.60931573146302
38,78,65.75142530399145
13,19,70.47170942066242
11,93,13.369960990531727
87,81,34.468064373931995
54,70,85.53401080243073
53,33,40.794471847001944
75,77,62.57648704634725
40,86,64.52399903895542
95,43,46.243877220420934
3,0,75.96144258836758
61,57,67.23196689217609
2,22,6.295019433573512
71,14,90.4315876398978
2,100,25.485902833352192
25,69,30.905987678958557
46,10,87.93054801634759
5,67,39.268927032008335
16,4,64.960966215401
8,52,56.437292464338476
81,60,82.75135126676358
92,52,23.80042832879087
78,63,47.298103512157276
56,94,52.39063203090439
6,5,45.749734224734986
77,11,24.794791708498497
56,60,39.17205938057781
92,13,27.640055391874498
3,12,92.36912257673092
59,7,87.42039935805236
4,56,50.552503899347215
0,5,18.684746045798338
75,57,95.58980551329738
38,10,75.91104590304496
6,30,43.60705053133687
20,3,57.14262788075498
70,98,53.68189262427811
16,61,2.345552803235984
64,1,29.163190270339058
67,43,43.44849531865147
69,16,38.201893815470086
61,39,79.29571003571783
39,17,37.02236899242139
59,52,91.24191259758324
80,52,52.744352123999136
89,7,46.3428167686343
94,18,85.34484724104851
27,21,2.305609462183267
75,22,92.34817467633304
64,30,51.71409679498728
33,68,44.04082009856801
25,95,13.253831913066927
52,3,23.45242123461462
14,49,30.628981561663814
48,9,32.82427015092683
34,9,5.118818011705317
40,34,23.245360341331455
50,94,73.44855106437497
62,76,7.928095548398262
43,48,20.735072210831408
38,49,16.963338851075495
19,8,85.58238983789657
42,24,70.35452010979016
98,36,22.758692783123546
21,9,78.93303262725048
20,6,49.20288565518484
90,8,4.568571259415721
35,81,54.479014036762266
27,73,45.28410607114264
3,57,64.07878078626304
89,1,45.20032550401818
7,36,94.87169994366683
4,0,65.43001019103123
4,58,16.82734339426292
53,41,70.23192275317452
9,78,44.152744323765525
68,54,79.88938530485315
33,91,30.284970458910053
49,26,78.5935820456824
74,34,24.865843938165288
23,69,1.9987514061511336
57,7,12.458487680385133
96,82,18.725649641299302
77,15,7.149877319840147
21,29,86.5219417393701
92,80,54.11693917376943
23,61,36.224049847115936
5,50,61.15477549131345
61,3,78.57493974861065
2,49,82.05339045734755
0,69,56.0069229362796
9,90,69.14194128998041
71,34,26.24772962891736
29,97,21.157143966884018
21,88,29.290761256894427
80,53,68.74024790953274
78,42,26.961164465699326
83,34,11.6776479633932
37,74,49.64951784162923
90,66,70.90403409379104
76,65,12.170314648651527
79,64,49.13829460050525
83,43,87.94038936670677
18,11,38.60571171393787
66,71,84.31219673936371
16,35,23.84015780240587
75,17,22.593047101323137
99,72,44.02875625963615
9,37,67.29443392792571
73,32,65.45969707491442
30,65,93.62093772574654
22,4,45.470484975382455
20,81,53.208018464536146
83,92,74.79151886694012
68,59,11.50120416813406
79,95,17.342115293331073
33,81,91.481294095754
64,36,47.53568005666965
15,64,2.528066112043925
77,83,41.99525708539813
9,25,11.73293822408069
49,29,78.03708653192587
10,7,54.70966637993272
34,90,19.080641252673146
39,6,38.57569162964653
48,31,79.65965522011638
44,59,68.9896941975233
1,67,4.751708521138232
72,4,3.1934435523372495
0,1,44.93130866412157
11,76,54.85735284106939
26,8,56.95670390464424
94,63,13.429373737643536
42,33,79.151723829739
19,33,67.80170372357641
85,29,78.89400580271872
1,29,25.181788922078262
60,86,98.289451819692
82,63,56.14678745923475
92,25,27.18594265729942
